split,index,species,genus,family,label,sampling_rate,duration_s,n_samples,path
train,0,Spinner_Dolphin,Stenella,Delphinidae,26,80000,3.0464,243712,7100800R.wav
train,1,Bearded_Seal,Erignathus,Phocidae,1,10240,2.465625,25248,7202100Z.wav
train,2,Weddell_Seal,Leptonychotes,Phocidae,29,20480,10.4625,214272,64041002.wav
train,3,Harp_Seal,Pagophilus,Phocidae,11,10240,0.708984375,7260,6701000A.wav
train,4,False_Killer_Whale,Pseudorca,Delphinidae,7,81920,0.60703125,49728,61023016.wav
train,5,Frasers_Dolphin,Lagenodelphis,Delphinidae,9,81920,0.3405029296875,27894,9101001U.wav
train,6,Long-Finned_Pilot_Whale,Globicephala,Delphinidae,15,60600,20.561336633663366,1246017,5402400A.wav
train,7,"Beluga,_White_Whale",Delphinapterus,Monodontidae,2,16000,2.0034375,32055,6202600C.wav
train,8,Atlantic_Spotted_Dolphin,Stenella,Delphinidae,0,80000,1.310425,104834,6102603X.wav
train,9,Spinner_Dolphin,Stenella,Delphinidae,26,80000,1.04195,83356,7100101K.wav
train,10,Minke_Whale,Balaenoptera,Balaenopteridae,17,1280,1.41796875,1815,64103006.wav
train,11,Pantropical_Spotted_Dolphin,Stenella,Delphinidae,20,80000,0.883575,70686,9400800U.wav
train,12,"Grampus,_Rissos_Dolphin",Grampus,Delphinidae,10,30000,2.1331,63993,59029002.wav
train,13,Ross_Seal,Ommatophoca,Phocidae,21,20000,3.0015,60030,6608900D.wav
train,14,Frasers_Dolphin,Lagenodelphis,Delphinidae,9,81920,1.343994140625,110100,9101301H.wav
train,15,White-sided_Dolphin,Lagenorhynchus,Delphinidae,31,81920,1.01107177734375,82827,79006015.wav
train,16,Narwhal,Monodon,Monodontidae,18,81920,1.41796875,116160,6800200D.wav
train,17,Common_Dolphin,Delphinus,Delphinidae,6,43900,1.9834168564920274,87072,5801403R.wav
train,18,Bowhead_Whale,Balaena,Balaenidae,4,10240,3.61875,37056,7801800H.wav
train,19,Sperm_Whale,Physeter,Physeteridae,25,81920,2.7328125,223872,85004007.wav
train,20,Long-Finned_Pilot_Whale,Globicephala,Delphinidae,15,81920,0.72890625,59712,7703400M.wav
train,21,False_Killer_Whale,Pseudorca,Delphinidae,7,81920,2.10623779296875,172543,6102300A.wav
train,22,Humpback_Whale,Megaptera,Balaenopteridae,12,5120,3.9998046875,20479,6301900B.wav
train,23,Short-Finned_Pacific_Pilot_Whale,Globicephala,Delphinidae,23,40000,1.39125,55650,91005006.wav
train,24,Striped_Dolphin,Stenella,Delphinidae,27,166600,0.9654981992797119,160852,72007036.wav
train,25,Bowhead_Whale,Balaena,Balaenidae,4,10000,1.824,18240,8800602Q.wav
train,26,Striped_Dolphin,Stenella,Delphinidae,27,81600,0.8837990196078431,72118,75003060.wav
train,27,Sperm_Whale,Physeter,Physeteridae,25,81920,1.13096923828125,92649,9101200B.wav
train,28,Pantropical_Spotted_Dolphin,Stenella,Delphinidae,20,60600,1.4417161716171618,87368,9005807P.wav
train,29,Walrus,Odobenus,Odobenidae,28,20000,9.15315,183063,72002009.wav
train,30,Northern_Right_Whale,Eubalaena,Balaenidae,19,8000,3.895,31160,56018002.wav
train,31,Short-Finned_Pacific_Pilot_Whale,Globicephala,Delphinidae,23,40000,1.786,71440,9100500S.wav
train,32,"Fin,_Finback_Whale",Balaenoptera,Balaenopteridae,8,640,24.0,15360,78014005.wav
train,33,Spinner_Dolphin,Stenella,Delphinidae,26,80000,1.33965,107172,7100100X.wav
train,34,Ross_Seal,Ommatophoca,Phocidae,21,20000,3.35965,67193,6608500M.wav
train,35,Common_Dolphin,Delphinus,Delphinidae,6,81600,2.1029289215686275,171599,7500304I.wav
train,36,Bowhead_Whale,Balaena,Balaenidae,4,10000,3.9343,39343,8800601C.wav
train,37,Pantropical_Spotted_Dolphin,Stenella,Delphinidae,20,80000,1.1846,94768,9400807P.wav
train,38,Ross_Seal,Ommatophoca,Phocidae,21,20000,3.2066,64132,6608900B.wav
train,39,Bottlenose_Dolphin,Tursiops,Delphinidae,3,60600,1.452805280528053,88040,5600600B.wav
train,40,Bowhead_Whale,Balaena,Balaenidae,4,10000,6.2809,62809,8800600R.wav
train,41,Sperm_Whale,Physeter,Physeteridae,25,44100,1179.21537414966,52003398,9500100Q.wav
train,42,Ross_Seal,Ommatophoca,Phocidae,21,20000,3.40605,68121,6608900C.wav
train,43,Short-Finned_Pacific_Pilot_Whale,Globicephala,Delphinidae,23,30000,4.2438,127314,81037004.wav
train,44,White-beaked_Dolphin,Lagenorhynchus,Delphinidae,30,60600,2.1582508250825083,130790,7200500Z.wav
train,45,"Fin,_Finback_Whale",Balaenoptera,Balaenopteridae,8,640,24.0,15360,78014003.wav
train,46,Spinner_Dolphin,Stenella,Delphinidae,26,80000,1.311975,104958,71001039.wav
train,47,Pantropical_Spotted_Dolphin,Stenella,Delphinidae,20,60600,0.273003300330033,16544,9300100H.wav
train,48,Ross_Seal,Ommatophoca,Phocidae,21,20000,4.3561,87122,66084005.wav
train,49,Ross_Seal,Ommatophoca,Phocidae,21,20000,3.64385,72877,6608500L.wav
train,50,Bowhead_Whale,Balaena,Balaenidae,4,10000,3.9321,39321,8800600Z.wav
train,51,Short-Finned_Pacific_Pilot_Whale,Globicephala,Delphinidae,23,60600,55.24851485148515,3348060,5702100J.wav
train,52,Rough-Toothed_Dolphin,Steno,Delphinidae,22,81920,1.27811279296875,104703,85013010.wav
train,53,Melon_Headed_Whale,Peponocephala,Delphinidae,16,81920,0.163916015625,13428,91012048.wav
train,54,Pantropical_Spotted_Dolphin,Stenella,Delphinidae,20,80000,0.372,29760,94008010.wav
train,55,Frasers_Dolphin,Lagenodelphis,Delphinidae,9,60600,30.943894389438945,1875200,9101002A.wav
train,56,Bottlenose_Dolphin,Tursiops,Delphinidae,3,81920,1.125,92160,89514002.wav
train,57,Sperm_Whale,Physeter,Physeteridae,25,40000,44.346475,1773859,7200900E.wav
train,58,Harp_Seal,Pagophilus,Phocidae,11,10240,0.9609375,9840,67009001.wav
train,59,Southern_Right_Whale,Eubalaena,Balaenidae,24,5120,2.108203125,10794,7900200W.wav
train,60,False_Killer_Whale,Pseudorca,Delphinidae,7,80000,2.2113875,176911,95003004.wav
train,61,Long-Finned_Pilot_Whale,Globicephala,Delphinidae,15,81600,1.6862745098039216,137600,7500402I.wav
train,62,Humpback_Whale,Megaptera,Balaenopteridae,12,14900,11.111073825503356,165555,6301900Y.wav
train,63,Short-Finned_Pacific_Pilot_Whale,Globicephala,Delphinidae,23,40000,1.1505,46020,91005036.wav
train,64,"Fin,_Finback_Whale",Balaenoptera,Balaenopteridae,8,600,101.91333333333333,61148,6107900J.wav
train,65,"Fin,_Finback_Whale",Balaenoptera,Balaenopteridae,8,600,43.49333333333333,26096,61064008.wav
train,66,Bottlenose_Dolphin,Tursiops,Delphinidae,3,60600,1.1716171617161717,71000,56006005.wav
train,67,Bottlenose_Dolphin,Tursiops,Delphinidae,3,81920,1.5,122880,89514004.wav
train,68,Frasers_Dolphin,Lagenodelphis,Delphinidae,9,81920,3.78123779296875,309759,9101300C.wav
train,69,Bearded_Seal,Erignathus,Phocidae,1,5120,1.209375,6192,71012007.wav
train,70,Melon_Headed_Whale,Peponocephala,Delphinidae,16,60600,4.6112211221122115,279440,9101204O.wav
train,71,Spinner_Dolphin,Stenella,Delphinidae,26,80000,1.45565,116452,71004017.wav
train,72,Spinner_Dolphin,Stenella,Delphinidae,26,80000,1.3446,107568,7100401A.wav
train,73,"Beluga,_White_Whale",Delphinapterus,Monodontidae,2,80000,2.3518875,188151,62022017.wav
train,74,Northern_Right_Whale,Eubalaena,Balaenidae,19,10000,2.1161,21161,7001800B.wav
train,75,"Fin,_Finback_Whale",Balaenoptera,Balaenopteridae,8,600,74.465,44679,6106400J.wav
train,76,"Fin,_Finback_Whale",Balaenoptera,Balaenopteridae,8,600,65.06666666666666,39040,61064009.wav
train,77,Bearded_Seal,Erignathus,Phocidae,1,5120,1.41796875,7260,71012001.wav
train,78,Humpback_Whale,Megaptera,Balaenopteridae,12,14900,5.084630872483221,75761,92201002.wav
train,79,Bottlenose_Dolphin,Tursiops,Delphinidae,3,81920,1.125,92160,89514001.wav
train,80,Ross_Seal,Ommatophoca,Phocidae,21,16000,1.924875,30798,66002A03.wav
train,81,Sperm_Whale,Physeter,Physeteridae,25,81600,9.993174019607844,815443,9357000A.wav
train,82,Walrus,Odobenus,Odobenidae,28,20000,20.0184,400368,7200200D.wav
train,83,Humpback_Whale,Megaptera,Balaenopteridae,12,5120,3.9998046875,20479,6301900C.wav
train,84,Melon_Headed_Whale,Peponocephala,Delphinidae,16,81920,1.04818115234375,85867,9101200K.wav
train,85,"Grampus,_Rissos_Dolphin",Grampus,Delphinidae,10,81920,0.45623779296875,37375,5902900R.wav
train,86,Bowhead_Whale,Balaena,Balaenidae,4,10000,8.7234,87234,8800600I.wav
train,87,Striped_Dolphin,Stenella,Delphinidae,27,81600,1.6388235294117648,133728,75003011.wav
train,88,Bearded_Seal,Erignathus,Phocidae,1,20480,2.7046875,55392,70025002.wav
train,89,Southern_Right_Whale,Eubalaena,Balaenidae,24,5120,1.41328125,7236,8300200B.wav
train,90,Short-Finned_Pacific_Pilot_Whale,Globicephala,Delphinidae,23,40000,1.1655,46620,91005029.wav
train,91,Southern_Right_Whale,Eubalaena,Balaenidae,24,5120,1.3359375,6840,79002011.wav
train,92,Striped_Dolphin,Stenella,Delphinidae,27,81920,0.8390625,68736,85009011.wav
train,93,Melon_Headed_Whale,Peponocephala,Delphinidae,16,60600,6.49463696369637,393575,9101204J.wav
train,94,Atlantic_Spotted_Dolphin,Stenella,Delphinidae,0,60600,1.7937293729372936,108700,6102500I.wav
train,95,Humpback_Whale,Megaptera,Balaenopteridae,12,5120,2.8359375,14520,63019002.wav
train,96,Frasers_Dolphin,Lagenodelphis,Delphinidae,9,81920,1.137890625,93216,9101001X.wav
train,97,"Grampus,_Rissos_Dolphin",Grampus,Delphinidae,10,30000,6.539766666666667,196193,5903000A.wav
train,98,Narwhal,Monodon,Monodontidae,18,60600,5.861386138613861,355200,6804000C.wav
train,99,Atlantic_Spotted_Dolphin,Stenella,Delphinidae,0,60600,1.4574257425742574,88320,6102500G.wav
train,100,Ross_Seal,Ommatophoca,Phocidae,21,30000,3.334966666666667,100049,66002A01.wav
train,101,Harp_Seal,Pagophilus,Phocidae,11,10240,1.5,15360,67010001.wav
train,102,"Fin,_Finback_Whale",Balaenoptera,Balaenopteridae,8,600,44.20166666666667,26521,60009005.wav
train,103,Northern_Right_Whale,Eubalaena,Balaenidae,19,10200,1.3508823529411764,13779,5601700B.wav
train,104,Spinner_Dolphin,Stenella,Delphinidae,26,81920,0.94530029296875,77439,7100300Q.wav
train,105,Walrus,Odobenus,Odobenidae,28,20480,1.44375,29568,72019005.wav
train,106,False_Killer_Whale,Pseudorca,Delphinidae,7,81920,0.97811279296875,80127,6102300P.wav
train,107,Melon_Headed_Whale,Peponocephala,Delphinidae,16,81920,0.2281494140625,18690,9101204C.wav
train,108,Pantropical_Spotted_Dolphin,Stenella,Delphinidae,20,80000,1.0161,81288,94008017.wav
train,109,Bearded_Seal,Erignathus,Phocidae,1,5120,1.134375,5808,71012006.wav
train,110,"Grampus,_Rissos_Dolphin",Grampus,Delphinidae,10,81920,0.24814453125,20328,59030034.wav
train,111,"Fin,_Finback_Whale",Balaenoptera,Balaenopteridae,8,600,41.04833333333333,24629,61048007.wav
train,112,Sperm_Whale,Physeter,Physeteridae,25,81600,1.7361274509803921,141668,93570006.wav
train,113,Spinner_Dolphin,Stenella,Delphinidae,26,80000,0.654175,52334,7100102G.wav
train,114,Humpback_Whale,Megaptera,Balaenopteridae,12,14900,10.95,163155,63019014.wav
train,115,"Grampus,_Rissos_Dolphin",Grampus,Delphinidae,10,81920,0.384375,31488,8500900U.wav
train,116,Frasers_Dolphin,Lagenodelphis,Delphinidae,9,81920,0.59913330078125,49081,91010021.wav
train,117,Spinner_Dolphin,Stenella,Delphinidae,26,80000,2.0988,167904,7100800D.wav
train,118,Walrus,Odobenus,Odobenidae,28,20000,8.96815,179363,72002001.wav
train,119,Minke_Whale,Balaenoptera,Balaenopteridae,17,1280,0.94453125,1209,64103003.wav
train,120,Atlantic_Spotted_Dolphin,Stenella,Delphinidae,0,60600,1.8723267326732673,113463,6102500N.wav
train,121,False_Killer_Whale,Pseudorca,Delphinidae,7,81920,0.50458984375,41336,6102301J.wav
train,122,White-sided_Dolphin,Lagenorhynchus,Delphinidae,31,80000,2.8686625,229493,6107202N.wav
train,123,Striped_Dolphin,Stenella,Delphinidae,27,81600,1.4501960784313725,118336,8500701A.wav
train,124,Humpback_Whale,Megaptera,Balaenopteridae,12,14900,27.747651006711408,413440,6304300F.wav
train,125,Striped_Dolphin,Stenella,Delphinidae,27,166600,1.2763925570228092,212647,7200703A.wav
train,126,Bearded_Seal,Erignathus,Phocidae,1,5120,0.75,3840,71012005.wav
train,127,Common_Dolphin,Delphinus,Delphinidae,6,81600,2.0383823529411766,166332,7500303M.wav
train,128,Common_Dolphin,Delphinus,Delphinidae,6,60600,52.13641914191419,3159467,5801404T.wav
train,129,White-beaked_Dolphin,Lagenorhynchus,Delphinidae,30,80000,3.8038875,304311,7001400V.wav
train,130,"Grampus,_Rissos_Dolphin",Grampus,Delphinidae,10,81920,1.1671875,95616,5903002D.wav
train,131,Harp_Seal,Pagophilus,Phocidae,11,10240,2.6015625,26640,67009006.wav
train,132,Pantropical_Spotted_Dolphin,Stenella,Delphinidae,20,60600,1.2575907590759077,76210,9004401W.wav
train,133,White-sided_Dolphin,Lagenorhynchus,Delphinidae,31,80000,2.3016,184128,6107201P.wav
train,134,Walrus,Odobenus,Odobenidae,28,20480,7.4625,152832,72019008.wav
train,135,Pantropical_Spotted_Dolphin,Stenella,Delphinidae,20,80000,0.731075,58486,9400807V.wav
train,136,Clymene_Dolphin,Stenella,Delphinidae,5,81920,0.708984375,58080,83035007.wav
train,137,Humpback_Whale,Megaptera,Balaenopteridae,12,5120,2.8359375,14520,63019003.wav
train,138,Long-Finned_Pilot_Whale,Globicephala,Delphinidae,15,80000,2.2792,182336,7500502J.wav
train,139,Long-Finned_Pilot_Whale,Globicephala,Delphinidae,15,30000,4.491733333333333,134752,54024005.wav
train,140,Sperm_Whale,Physeter,Physeteridae,25,81600,7.424252450980392,605819,9357000J.wav
train,141,Frasers_Dolphin,Lagenodelphis,Delphinidae,9,81920,0.46922607421875,38439,9101001Z.wav
train,142,Pantropical_Spotted_Dolphin,Stenella,Delphinidae,20,80000,0.8506375,68051,9400807T.wav
train,143,Pantropical_Spotted_Dolphin,Stenella,Delphinidae,20,60600,1.8343234323432343,111160,90058068.wav
train,144,Northern_Right_Whale,Eubalaena,Balaenidae,19,10000,2.0706,20706,59005004.wav
train,145,Narwhal,Monodon,Monodontidae,18,81920,1.41796875,116160,7501400S.wav
train,146,Northern_Right_Whale,Eubalaena,Balaenidae,19,10200,4.5678431372549015,46592,56026002.wav
train,147,Harp_Seal,Pagophilus,Phocidae,11,10240,0.708984375,7260,6701000E.wav
train,148,Spinner_Dolphin,Stenella,Delphinidae,26,81920,1.89061279296875,154879,7100300N.wav
train,149,Pantropical_Spotted_Dolphin,Stenella,Delphinidae,20,80000,1.0412,83296,94008081.wav
train,150,Long-Finned_Pilot_Whale,Globicephala,Delphinidae,15,80000,1.046525,83722,7500502T.wav
train,151,False_Killer_Whale,Pseudorca,Delphinidae,7,81920,0.79453125,65088,61023019.wav
train,152,Ross_Seal,Ommatophoca,Phocidae,21,20000,2.0923,41846,66084009.wav
train,153,Melon_Headed_Whale,Peponocephala,Delphinidae,16,81920,0.6790771484375,55630,9101202E.wav
train,154,Killer_Whale,Orcinus,Delphinidae,13,21900,1.731187214611872,37913,9230400D.wav
train,155,Spinner_Dolphin,Stenella,Delphinidae,26,81920,0.94530029296875,77439,71003003.wav
train,156,Short-Finned_Pacific_Pilot_Whale,Globicephala,Delphinidae,23,30000,2.2345,67035,81037001.wav
train,157,Killer_Whale,Orcinus,Delphinidae,13,21900,2.6063013698630138,57078,9750400J.wav
train,158,Frasers_Dolphin,Lagenodelphis,Delphinidae,9,81920,1.89061279296875,154879,91013001.wav
train,159,Rough-Toothed_Dolphin,Steno,Delphinidae,22,81920,0.71248779296875,58367,85014006.wav
train,160,Short-Finned_Pacific_Pilot_Whale,Globicephala,Delphinidae,23,30000,1.1995666666666667,35987,5702100A.wav
train,161,White-sided_Dolphin,Lagenorhynchus,Delphinidae,31,81920,1.490625,122112,79006016.wav
train,162,Striped_Dolphin,Stenella,Delphinidae,27,81600,1.5620343137254902,127462,7500301N.wav
train,163,Narwhal,Monodon,Monodontidae,18,81920,1.41796875,116160,75014015.wav
train,164,Bottlenose_Dolphin,Tursiops,Delphinidae,3,81920,1.303125,106752,89514017.wav
train,165,White-beaked_Dolphin,Lagenorhynchus,Delphinidae,30,80000,1.827425,146194,7001400Q.wav
train,166,Striped_Dolphin,Stenella,Delphinidae,27,81600,1.6181617647058824,132042,75003005.wav
train,167,Sperm_Whale,Physeter,Physeteridae,25,81920,1.04818115234375,85867,9101200K.wav
train,168,Atlantic_Spotted_Dolphin,Stenella,Delphinidae,0,80000,1.3846,110768,6102603Z.wav
train,169,White-sided_Dolphin,Lagenorhynchus,Delphinidae,31,80000,2.3302625,186421,6107202O.wav
train,170,Narwhal,Monodon,Monodontidae,18,81920,1.41796875,116160,7501400B.wav
train,171,"Fin,_Finback_Whale",Balaenoptera,Balaenopteridae,8,640,24.0,15360,78014008.wav
train,172,Humpback_Whale,Megaptera,Balaenopteridae,12,14900,11.210738255033558,167040,6301900Z.wav
train,173,Sperm_Whale,Physeter,Physeteridae,25,81920,0.163916015625,13428,91012048.wav
train,174,"Grampus,_Rissos_Dolphin",Grampus,Delphinidae,10,81920,2.44998779296875,200703,59030021.wav
train,175,Striped_Dolphin,Stenella,Delphinidae,27,81600,3.240061274509804,264389,7500301P.wav
train,176,Spinner_Dolphin,Stenella,Delphinidae,26,80000,1.53045,122436,71010007.wav
train,177,"Fin,_Finback_Whale",Balaenoptera,Balaenopteridae,8,640,24.0,15360,78014007.wav
train,178,Frasers_Dolphin,Lagenodelphis,Delphinidae,9,81920,1.41796875,116160,91010014.wav
train,179,Bearded_Seal,Erignathus,Phocidae,1,10240,3.61875,37056,7801800J.wav
train,180,"Beluga,_White_Whale",Delphinapterus,Monodontidae,2,81920,1.41796875,116160,65033007.wav
train,181,Spinner_Dolphin,Stenella,Delphinidae,26,80000,1.616,129280,71004019.wav
train,182,Melon_Headed_Whale,Peponocephala,Delphinidae,16,81920,0.0536865234375,4398,9101203U.wav
train,183,Frasers_Dolphin,Lagenodelphis,Delphinidae,9,81920,0.775634765625,63540,9101001S.wav
train,184,Melon_Headed_Whale,Peponocephala,Delphinidae,16,81920,0.10078125,8256,9101204D.wav
train,185,White-beaked_Dolphin,Lagenorhynchus,Delphinidae,30,60600,2.9848019801980197,180879,59037005.wav
train,186,Bowhead_Whale,Balaena,Balaenidae,4,10000,5.0157,50157,88006033.wav
train,187,Common_Dolphin,Delphinus,Delphinidae,6,81600,1.052450980392157,85880,7500305I.wav
train,188,Bottlenose_Dolphin,Tursiops,Delphinidae,3,81920,1.303125,106752,89514012.wav
train,189,Bowhead_Whale,Balaena,Balaenidae,4,10000,2.8372,28372,88006007.wav
train,190,Spinner_Dolphin,Stenella,Delphinidae,26,81920,1.89061279296875,154879,7100300D.wav
train,191,Striped_Dolphin,Stenella,Delphinidae,27,60600,0.904026402640264,54784,5801100Y.wav
train,192,Melon_Headed_Whale,Peponocephala,Delphinidae,16,81920,0.84061279296875,68863,9101202C.wav
train,193,Leopard_Seal,Hydrurga,Phocidae,14,5000,7.2364,36182,6608400Q.wav
train,194,White-beaked_Dolphin,Lagenorhynchus,Delphinidae,30,60600,1.7214521452145215,104320,5903700Q.wav
train,195,Humpback_Whale,Megaptera,Balaenopteridae,12,14900,13.003489932885905,193752,6304300E.wav
train,196,Bowhead_Whale,Balaena,Balaenidae,4,10240,3.61875,37056,7801800J.wav
train,197,"Grampus,_Rissos_Dolphin",Grampus,Delphinidae,10,81920,0.9609375,78720,59030026.wav
train,198,Harp_Seal,Pagophilus,Phocidae,11,10240,1.1390625,11664,67009008.wav
train,199,Sperm_Whale,Physeter,Physeteridae,25,81600,7.645906862745098,623906,93570017.wav
train,200,White-beaked_Dolphin,Lagenorhynchus,Delphinidae,30,60600,2.407095709570957,145870,7200500V.wav
train,201,Rough-Toothed_Dolphin,Steno,Delphinidae,22,81920,1.0875,89088,8501400Q.wav
train,202,Short-Finned_Pacific_Pilot_Whale,Globicephala,Delphinidae,23,60600,79.32346534653465,4807002,5702100L.wav
train,203,Long-Finned_Pilot_Whale,Globicephala,Delphinidae,15,30000,4.5744,137232,54024001.wav
train,204,Melon_Headed_Whale,Peponocephala,Delphinidae,16,60600,6.406930693069307,388260,9101204L.wav
train,205,Atlantic_Spotted_Dolphin,Stenella,Delphinidae,0,80000,1.7978125,143825,61026002.wav
train,206,Southern_Right_Whale,Eubalaena,Balaenidae,24,5120,1.76484375,9036,79002012.wav
train,207,Striped_Dolphin,Stenella,Delphinidae,27,166600,1.2763025210084034,212632,7200703C.wav
train,208,Sperm_Whale,Physeter,Physeteridae,25,40960,4.7625,195072,8401400B.wav
train,209,Short-Finned_Pacific_Pilot_Whale,Globicephala,Delphinidae,23,40960,1.4203125,58176,8103700C.wav
train,210,Minke_Whale,Balaenoptera,Balaenopteridae,17,1280,1.41796875,1815,64103004.wav
train,211,Spinner_Dolphin,Stenella,Delphinidae,26,81920,1.89061279296875,154879,7100300J.wav
train,212,Killer_Whale,Orcinus,Delphinidae,13,40960,1.8937255859375,77567,6002600B.wav
train,213,White-beaked_Dolphin,Lagenorhynchus,Delphinidae,30,60600,2.0126072607260728,121964,72005007.wav
train,214,Clymene_Dolphin,Stenella,Delphinidae,5,166600,1.914765906362545,319000,8303500N.wav
train,215,Common_Dolphin,Delphinus,Delphinidae,6,81600,3.1684313725490196,258544,75003051.wav
train,216,Leopard_Seal,Hydrurga,Phocidae,14,5000,7.272,36360,66084013.wav
train,217,Minke_Whale,Balaenoptera,Balaenopteridae,17,1280,1.4109375,1806,64104006.wav
train,218,Pantropical_Spotted_Dolphin,Stenella,Delphinidae,20,60600,1.0592739273927392,64192,9005807N.wav
train,219,Humpback_Whale,Megaptera,Balaenopteridae,12,14900,13.702013422818792,204160,9220100S.wav
train,220,Frasers_Dolphin,Lagenodelphis,Delphinidae,9,81920,0.9802001953125,80298,91010023.wav
train,221,Walrus,Odobenus,Odobenidae,28,20480,3.287451171875,67327,72020008.wav
train,222,Long-Finned_Pilot_Whale,Globicephala,Delphinidae,15,81920,0.7171875,58752,7703400L.wav
train,223,"Beluga,_White_Whale",Delphinapterus,Monodontidae,2,16000,2.007375,32118,6202600A.wav
train,224,Narwhal,Monodon,Monodontidae,18,81920,1.41796875,116160,75014017.wav
train,225,"Beluga,_White_Whale",Delphinapterus,Monodontidae,2,16000,2.070125,33122,6202600B.wav
train,226,Narwhal,Monodon,Monodontidae,18,81920,1.41796875,116160,75014001.wav
train,227,"Fin,_Finback_Whale",Balaenoptera,Balaenopteridae,8,600,59.348333333333336,35609,61048004.wav
train,228,Spinner_Dolphin,Stenella,Delphinidae,26,60600,52.72688118811881,3195249,7100103D.wav
train,229,Minke_Whale,Balaenoptera,Balaenopteridae,17,1280,1.25859375,1611,6410300B.wav
train,230,"Grampus,_Rissos_Dolphin",Grampus,Delphinidae,10,30000,3.234766666666667,97043,59030005.wav
train,231,Striped_Dolphin,Stenella,Delphinidae,27,81600,2.3201960784313727,189328,8500701G.wav
train,232,Spinner_Dolphin,Stenella,Delphinidae,26,80000,0.92745,74196,71001025.wav
train,233,Humpback_Whale,Megaptera,Balaenopteridae,12,14900,7.559731543624161,112640,6304300M.wav
train,234,Spinner_Dolphin,Stenella,Delphinidae,26,80000,1.7697,141576,7100801N.wav
train,235,Frasers_Dolphin,Lagenodelphis,Delphinidae,9,81920,0.670458984375,54924,9100800B.wav
train,236,Clymene_Dolphin,Stenella,Delphinidae,5,81920,2.0671875,169344,8300600D.wav
train,237,White-sided_Dolphin,Lagenorhynchus,Delphinidae,31,81920,1.1983154296875,98166,79006014.wav
train,238,Long-Finned_Pilot_Whale,Globicephala,Delphinidae,15,60600,52.14415841584158,3159936,54024009.wav
train,239,Short-Finned_Pacific_Pilot_Whale,Globicephala,Delphinidae,23,40960,1.4203125,58176,8103700U.wav
train,240,Common_Dolphin,Delphinus,Delphinidae,6,81600,2.3570710784313724,192337,7500302U.wav
train,241,Rough-Toothed_Dolphin,Steno,Delphinidae,22,81920,1.29373779296875,105983,8501400P.wav
train,242,Rough-Toothed_Dolphin,Steno,Delphinidae,22,81920,0.93748779296875,76799,8501400G.wav
train,243,Walrus,Odobenus,Odobenidae,28,20480,3.2625,66816,72019009.wav
train,244,White-beaked_Dolphin,Lagenorhynchus,Delphinidae,30,60600,2.0974752475247525,127107,59037006.wav
train,245,"Grampus,_Rissos_Dolphin",Grampus,Delphinidae,10,81920,0.609375,49920,5903002U.wav
train,246,Clymene_Dolphin,Stenella,Delphinidae,5,41600,1.8648076923076924,77576,83006047.wav
train,247,Ross_Seal,Ommatophoca,Phocidae,21,20000,2.89275,57855,6608500F.wav
train,248,Sperm_Whale,Physeter,Physeteridae,25,81920,0.09998779296875,8191,7702801M.wav
train,249,Humpback_Whale,Megaptera,Balaenopteridae,12,14900,156.13422818791946,2326400,63019018.wav
train,250,Humpback_Whale,Megaptera,Balaenopteridae,12,14900,17.98973154362416,268047,9220100G.wav
train,251,Bearded_Seal,Erignathus,Phocidae,1,5120,0.75,3840,71012003.wav
train,252,Bearded_Seal,Erignathus,Phocidae,1,20480,2.8359375,58080,70025003.wav
train,253,Sperm_Whale,Physeter,Physeteridae,25,81920,1.3875,113664,85005005.wav
train,254,Rough-Toothed_Dolphin,Steno,Delphinidae,22,81920,1.11248779296875,91135,8501300T.wav
train,255,Spinner_Dolphin,Stenella,Delphinidae,26,80000,1.12245,89796,71001031.wav
train,256,Striped_Dolphin,Stenella,Delphinidae,27,60600,0.8404620462046205,50932,5801100X.wav
train,257,Spinner_Dolphin,Stenella,Delphinidae,26,80000,0.4069,32552,7100901A.wav
train,258,Spinner_Dolphin,Stenella,Delphinidae,26,81920,1.89061279296875,154879,71003002.wav
train,259,"Beluga,_White_Whale",Delphinapterus,Monodontidae,2,40960,1.40859375,57696,6503300H.wav
train,260,Frasers_Dolphin,Lagenodelphis,Delphinidae,9,81920,1.0149169921875,83142,9101301E.wav
train,261,Spinner_Dolphin,Stenella,Delphinidae,26,80000,0.9618,76944,7100101B.wav
train,262,White-sided_Dolphin,Lagenorhynchus,Delphinidae,31,80000,2.150625,172050,6107200O.wav
train,263,Frasers_Dolphin,Lagenodelphis,Delphinidae,9,81920,1.0953369140625,89730,9101001R.wav
train,264,Frasers_Dolphin,Lagenodelphis,Delphinidae,9,81920,1.89061279296875,154879,9101300A.wav
train,265,Spinner_Dolphin,Stenella,Delphinidae,26,80000,1.413,113040,7100401B.wav
train,266,Narwhal,Monodon,Monodontidae,18,81920,1.41796875,116160,75014007.wav
train,267,White-sided_Dolphin,Lagenorhynchus,Delphinidae,31,80000,1.37,109600,61072020.wav
train,268,False_Killer_Whale,Pseudorca,Delphinidae,7,80000,2.0008625,160069,95003002.wav
train,269,Frasers_Dolphin,Lagenodelphis,Delphinidae,9,81920,0.5953857421875,48774,9100800A.wav
train,270,Northern_Right_Whale,Eubalaena,Balaenidae,19,10000,2.1576,21576,5900300A.wav
train,271,Spinner_Dolphin,Stenella,Delphinidae,26,81920,1.89061279296875,154879,7100300T.wav
train,272,Atlantic_Spotted_Dolphin,Stenella,Delphinidae,0,60600,1.3526072607260726,81968,6102500P.wav
train,273,Long-Finned_Pilot_Whale,Globicephala,Delphinidae,15,81920,1.25390625,102720,77028010.wav
train,274,Atlantic_Spotted_Dolphin,Stenella,Delphinidae,0,80000,1.5792,126336,6102602J.wav
train,275,Walrus,Odobenus,Odobenidae,28,20000,6.12405,122481,72002008.wav
train,276,False_Killer_Whale,Pseudorca,Delphinidae,7,80000,1.6236,129888,95003009.wav
train,277,Rough-Toothed_Dolphin,Steno,Delphinidae,22,81920,1.32186279296875,108287,8501300S.wav
train,278,Pantropical_Spotted_Dolphin,Stenella,Delphinidae,20,60600,0.9884983498349835,59903,90044021.wav
train,279,Sperm_Whale,Physeter,Physeteridae,25,81920,0.85311279296875,69887,91012022.wav
train,280,Northern_Right_Whale,Eubalaena,Balaenidae,19,14900,2.255436241610738,33606,8101402I.wav
train,281,Humpback_Whale,Megaptera,Balaenopteridae,12,14900,5.497986577181208,81920,9220100W.wav
train,282,"Beluga,_White_Whale",Delphinapterus,Monodontidae,2,80000,1.96655,157324,6202200Z.wav
train,283,False_Killer_Whale,Pseudorca,Delphinidae,7,81920,1.059375,86784,6102301D.wav
train,284,"Grampus,_Rissos_Dolphin",Grampus,Delphinidae,10,81920,0.33515625,27456,8500900O.wav
train,285,Harp_Seal,Pagophilus,Phocidae,11,10240,2.5125,25728,67009005.wav
train,286,"Grampus,_Rissos_Dolphin",Grampus,Delphinidae,10,81920,0.94453125,77376,5903002G.wav
train,287,Clymene_Dolphin,Stenella,Delphinidae,5,81920,1.41796875,116160,83035002.wav
train,288,Walrus,Odobenus,Odobenidae,28,20000,7.6314,152628,7200200E.wav
train,289,White-sided_Dolphin,Lagenorhynchus,Delphinidae,31,80000,3.1389625,251117,61072006.wav
train,290,Frasers_Dolphin,Lagenodelphis,Delphinidae,9,81920,1.41796875,116160,9101000F.wav
train,291,Humpback_Whale,Megaptera,Balaenopteridae,12,14900,60.030738255033555,894458,63019010.wav
train,292,Melon_Headed_Whale,Peponocephala,Delphinidae,16,81920,0.85311279296875,69887,91012022.wav
train,293,Short-Finned_Pacific_Pilot_Whale,Globicephala,Delphinidae,23,40960,1.4203125,58176,8103700G.wav
train,294,Short-Finned_Pacific_Pilot_Whale,Globicephala,Delphinidae,23,30000,0.9357333333333333,28072,57021007.wav
train,295,Long-Finned_Pilot_Whale,Globicephala,Delphinidae,15,80000,3.76635,301308,7500502X.wav
train,296,Short-Finned_Pacific_Pilot_Whale,Globicephala,Delphinidae,23,40000,0.7672,30688,9100501V.wav
train,297,Humpback_Whale,Megaptera,Balaenopteridae,12,14900,119.88677852348994,1786313,6301901M.wav
train,298,"Beluga,_White_Whale",Delphinapterus,Monodontidae,2,81920,1.284375,105216,65033004.wav
train,299,Frasers_Dolphin,Lagenodelphis,Delphinidae,9,60600,30.025082508250826,1819520,91010025.wav
train,300,Spinner_Dolphin,Stenella,Delphinidae,26,80000,1.3766875,110135,71008001.wav
train,301,Harp_Seal,Pagophilus,Phocidae,11,10240,0.96796875,9912,6700900G.wav
train,302,White-sided_Dolphin,Lagenorhynchus,Delphinidae,31,166600,3.9830972388955583,663584,7500102S.wav
train,303,Striped_Dolphin,Stenella,Delphinidae,27,60600,24.92483498349835,1510445,5801101O.wav
train,304,"Fin,_Finback_Whale",Balaenoptera,Balaenopteridae,8,600,51.126666666666665,30676,6106400A.wav
train,305,Bearded_Seal,Erignathus,Phocidae,1,10240,1.321875,13536,70025008.wav
train,306,"Grampus,_Rissos_Dolphin",Grampus,Delphinidae,10,81920,0.94453125,77376,5903002T.wav
train,307,Striped_Dolphin,Stenella,Delphinidae,27,166600,1.6381992797118847,272924,72007037.wav
train,308,Ross_Seal,Ommatophoca,Phocidae,21,20000,2.9232,58464,6608500S.wav
train,309,Clymene_Dolphin,Stenella,Delphinidae,5,166600,2.294297719087635,382230,8300604A.wav
train,310,Spinner_Dolphin,Stenella,Delphinidae,26,80000,1.921975,153758,71008009.wav
train,311,White-sided_Dolphin,Lagenorhynchus,Delphinidae,31,166600,2.9649459783913565,493960,7500103D.wav
train,312,Long-Finned_Pilot_Whale,Globicephala,Delphinidae,15,80000,1.8509,148072,7500503L.wav
train,313,Pantropical_Spotted_Dolphin,Stenella,Delphinidae,20,80000,0.7785125,62281,94008082.wav
train,314,Frasers_Dolphin,Lagenodelphis,Delphinidae,9,60600,7.428003300330033,450137,9100800E.wav
train,315,White-sided_Dolphin,Lagenorhynchus,Delphinidae,31,80000,2.910725,232858,6107202R.wav
train,316,Striped_Dolphin,Stenella,Delphinidae,27,60600,1.4761056105610562,89452,5801100U.wav
train,317,Long-Finned_Pilot_Whale,Globicephala,Delphinidae,15,81920,1.1953125,97920,77028018.wav
train,318,Clymene_Dolphin,Stenella,Delphinidae,5,166600,1.2878091236494598,214549,8303503Q.wav
train,319,Sperm_Whale,Physeter,Physeteridae,25,81920,1.29609375,106176,7702801F.wav
train,320,Spinner_Dolphin,Stenella,Delphinidae,26,80000,1.48005,118404,7100102W.wav
train,321,Short-Finned_Pacific_Pilot_Whale,Globicephala,Delphinidae,23,40000,0.872625,34905,9100503E.wav
train,322,Melon_Headed_Whale,Peponocephala,Delphinidae,16,81920,0.10880126953125,8913,91012044.wav
train,323,Walrus,Odobenus,Odobenidae,28,40960,0.90703125,37152,72019003.wav
train,324,Killer_Whale,Orcinus,Delphinidae,13,40960,1.5999755859375,65535,60026006.wav
train,325,White-sided_Dolphin,Lagenorhynchus,Delphinidae,31,60600,23.230610561056107,1407775,61072031.wav
train,326,"Grampus,_Rissos_Dolphin",Grampus,Delphinidae,10,81920,0.67811279296875,55551,5902900A.wav
train,327,Pantropical_Spotted_Dolphin,Stenella,Delphinidae,20,40960,2.8359375,116160,84021003.wav
train,328,Rough-Toothed_Dolphin,Steno,Delphinidae,22,81920,1.34998779296875,110591,8501301F.wav
train,329,Pantropical_Spotted_Dolphin,Stenella,Delphinidae,20,80000,0.7315875,58527,94008087.wav
train,330,"Beluga,_White_Whale",Delphinapterus,Monodontidae,2,16000,5.1685625,82697,62019007.wav
train,331,Bowhead_Whale,Balaena,Balaenidae,4,10000,4.1808,41808,8800600J.wav
train,332,"Beluga,_White_Whale",Delphinapterus,Monodontidae,2,30000,2.9171,87513,63015005.wav
train,333,Bowhead_Whale,Balaena,Balaenidae,4,10000,3.7755,37755,88006006.wav
train,334,Bowhead_Whale,Balaena,Balaenidae,4,10000,3.6159,36159,88006003.wav
train,335,Frasers_Dolphin,Lagenodelphis,Delphinidae,9,81920,0.753662109375,61740,9101301C.wav
train,336,Spinner_Dolphin,Stenella,Delphinidae,26,80000,1.083475,86678,7100103B.wav
train,337,"Beluga,_White_Whale",Delphinapterus,Monodontidae,2,40960,5.671875,232320,6503300E.wav
train,338,Pantropical_Spotted_Dolphin,Stenella,Delphinidae,20,55500,1.5475315315315314,85888,64005019.wav
train,339,Leopard_Seal,Hydrurga,Phocidae,14,5000,3.5708,17854,6608400R.wav
train,340,Spinner_Dolphin,Stenella,Delphinidae,26,81920,1.89061279296875,154879,7100300S.wav
train,341,Long-Finned_Pilot_Whale,Globicephala,Delphinidae,15,60600,41.56693069306931,2518956,54024007.wav
train,342,Southern_Right_Whale,Eubalaena,Balaenidae,24,5120,3.9482421875,20215,7900200T.wav
train,343,Northern_Right_Whale,Eubalaena,Balaenidae,19,10200,0.6864705882352942,7002,5601700V.wav
train,344,Rough-Toothed_Dolphin,Steno,Delphinidae,22,81920,1.14686279296875,93951,8501300K.wav
train,345,Ross_Seal,Ommatophoca,Phocidae,21,20000,2.26345,45269,6608500E.wav
train,346,Melon_Headed_Whale,Peponocephala,Delphinidae,16,81920,0.60311279296875,49407,9101201E.wav
train,347,Humpback_Whale,Megaptera,Balaenopteridae,12,14900,709.0567785234899,10564946,6301901L.wav
train,348,Common_Dolphin,Delphinus,Delphinidae,6,81600,1.9524264705882353,159318,75003043.wav
train,349,False_Killer_Whale,Pseudorca,Delphinidae,7,81920,0.89998779296875,73727,6102300W.wav
train,350,Narwhal,Monodon,Monodontidae,18,81920,1.41796875,116160,6800200G.wav
train,351,Striped_Dolphin,Stenella,Delphinidae,27,60600,1.574983498349835,95444,5801100Q.wav
train,352,False_Killer_Whale,Pseudorca,Delphinidae,7,81920,0.85311279296875,69887,6102300U.wav
train,353,Narwhal,Monodon,Monodontidae,18,81920,1.41796875,116160,6800200C.wav
train,354,Sperm_Whale,Physeter,Physeteridae,25,81600,8.34373774509804,680849,9357000C.wav
train,355,Atlantic_Spotted_Dolphin,Stenella,Delphinidae,0,80000,1.3677,109416,61026036.wav
train,356,Southern_Right_Whale,Eubalaena,Balaenidae,24,5120,1.47890625,7572,79002013.wav
train,357,"Grampus,_Rissos_Dolphin",Grampus,Delphinidae,10,81920,0.39866943359375,32659,59030033.wav
train,358,Spinner_Dolphin,Stenella,Delphinidae,26,80000,1.08775,87020,71001024.wav
train,359,Pantropical_Spotted_Dolphin,Stenella,Delphinidae,20,55500,1.8454774774774774,102424,64005017.wav
train,360,Melon_Headed_Whale,Peponocephala,Delphinidae,16,81920,0.1628173828125,13338,91012040.wav
train,361,"Beluga,_White_Whale",Delphinapterus,Monodontidae,2,16000,8.731875,139710,62026009.wav
train,362,Ross_Seal,Ommatophoca,Phocidae,21,20000,2.55535,51107,6608400F.wav
train,363,Clymene_Dolphin,Stenella,Delphinidae,5,166600,1.9056422569027611,317480,8300604G.wav
train,364,Southern_Right_Whale,Eubalaena,Balaenidae,24,5120,1.822265625,9330,7900200X.wav
train,365,Atlantic_Spotted_Dolphin,Stenella,Delphinidae,0,80000,1.665125,133210,6102600F.wav
train,366,"Beluga,_White_Whale",Delphinapterus,Monodontidae,2,80000,1.254825,100386,6202200P.wav
train,367,Clymene_Dolphin,Stenella,Delphinidae,5,166600,2.565666266506603,427440,8300603U.wav
train,368,Walrus,Odobenus,Odobenidae,28,20000,10.6255,212510,72002004.wav
train,369,Short-Finned_Pacific_Pilot_Whale,Globicephala,Delphinidae,23,30000,6.209266666666666,186278,57021005.wav
train,370,Spinner_Dolphin,Stenella,Delphinidae,26,81920,1.41796875,116160,7100300M.wav
train,371,Spinner_Dolphin,Stenella,Delphinidae,26,80000,1.4852875,118823,7100801O.wav
train,372,Rough-Toothed_Dolphin,Steno,Delphinidae,22,81920,0.456005859375,37356,8501301J.wav
train,373,Spinner_Dolphin,Stenella,Delphinidae,26,81920,0.94530029296875,77439,71003005.wav
train,374,Common_Dolphin,Delphinus,Delphinidae,6,81600,0.9859803921568627,80456,75003056.wav
train,375,Spinner_Dolphin,Stenella,Delphinidae,26,81920,0.94530029296875,77439,71003007.wav
train,376,White-sided_Dolphin,Lagenorhynchus,Delphinidae,31,80000,1.7274375,138195,6107200H.wav
train,377,"Fin,_Finback_Whale",Balaenoptera,Balaenopteridae,8,600,69.21333333333334,41528,6106400F.wav
train,378,Rough-Toothed_Dolphin,Steno,Delphinidae,22,81920,1.38436279296875,113407,8501301A.wav
train,379,Spinner_Dolphin,Stenella,Delphinidae,26,80000,1.54495,123596,7100401C.wav
train,380,Short-Finned_Pacific_Pilot_Whale,Globicephala,Delphinidae,23,60600,187.34529702970298,11353125,5702100K.wav
train,381,Striped_Dolphin,Stenella,Delphinidae,27,81600,1.8819117647058823,153564,8500701B.wav
train,382,False_Killer_Whale,Pseudorca,Delphinidae,7,81920,0.4828125,39552,61021019.wav
train,383,Harp_Seal,Pagophilus,Phocidae,11,10240,3.590625,36768,6700900I.wav
train,384,Short-Finned_Pacific_Pilot_Whale,Globicephala,Delphinidae,23,30000,3.5002,105006,81037002.wav
train,385,White-sided_Dolphin,Lagenorhynchus,Delphinidae,31,166600,1.7342136854741896,288920,7500102I.wav
train,386,Atlantic_Spotted_Dolphin,Stenella,Delphinidae,0,80000,1.7907,143256,6102602T.wav
train,387,Minke_Whale,Balaenoptera,Balaenopteridae,17,1280,1.3734375,1758,6410300A.wav
train,388,Clymene_Dolphin,Stenella,Delphinidae,5,81920,2.8359375,232320,83035003.wav
train,389,Frasers_Dolphin,Lagenodelphis,Delphinidae,9,60600,24.506930693069307,1485120,9101002B.wav
train,390,Frasers_Dolphin,Lagenodelphis,Delphinidae,9,81920,0.8294677734375,67950,9101301I.wav
train,391,Atlantic_Spotted_Dolphin,Stenella,Delphinidae,0,60600,0.8645544554455445,52392,6102500K.wav
train,392,Bowhead_Whale,Balaena,Balaenidae,4,10240,2.7515625,28176,7801800D.wav
train,393,Common_Dolphin,Delphinus,Delphinidae,6,81600,1.755955882352941,143286,75003045.wav
train,394,"Grampus,_Rissos_Dolphin",Grampus,Delphinidae,10,81920,0.38203125,31296,85009009.wav
train,395,Minke_Whale,Balaenoptera,Balaenopteridae,17,1280,0.94453125,1209,64103002.wav
train,396,Long-Finned_Pilot_Whale,Globicephala,Delphinidae,15,60600,54.41029702970297,3297264,7703400V.wav
train,397,Minke_Whale,Balaenoptera,Balaenopteridae,17,1280,1.4109375,1806,64104004.wav
train,398,White-sided_Dolphin,Lagenorhynchus,Delphinidae,31,81920,0.7752685546875,63510,79006019.wav
train,399,"Fin,_Finback_Whale",Balaenoptera,Balaenopteridae,8,600,27.321666666666665,16393,6106400O.wav
train,400,Narwhal,Monodon,Monodontidae,18,81920,1.41796875,116160,75014010.wav
train,401,Common_Dolphin,Delphinus,Delphinidae,6,81600,1.7436764705882353,142284,75003042.wav
train,402,Pantropical_Spotted_Dolphin,Stenella,Delphinidae,20,60600,1.1178877887788778,67744,9004400Y.wav
train,403,Leopard_Seal,Hydrurga,Phocidae,14,5000,2.34,11700,66084010.wav
train,404,Striped_Dolphin,Stenella,Delphinidae,27,81600,1.2218382352941177,99702,8500701C.wav
train,405,Pantropical_Spotted_Dolphin,Stenella,Delphinidae,20,60600,0.936963696369637,56780,9004401T.wav
train,406,Rough-Toothed_Dolphin,Steno,Delphinidae,22,81920,0.99140625,81216,8501300R.wav
train,407,Spinner_Dolphin,Stenella,Delphinidae,26,80000,1.433025,114642,7101001F.wav
train,408,Short-Finned_Pacific_Pilot_Whale,Globicephala,Delphinidae,23,30000,1.0616666666666668,31850,5702100B.wav
train,409,Frasers_Dolphin,Lagenodelphis,Delphinidae,9,81920,1.0131591796875,82998,9101001V.wav
train,410,"Grampus,_Rissos_Dolphin",Grampus,Delphinidae,10,30000,2.5087333333333333,75262,85009003.wav
train,411,Long-Finned_Pilot_Whale,Globicephala,Delphinidae,15,81920,0.5578125,45696,7703400A.wav
train,412,Northern_Right_Whale,Eubalaena,Balaenidae,19,14900,3.525436241610738,52529,81014036.wav
train,413,Long-Finned_Pilot_Whale,Globicephala,Delphinidae,15,81920,0.73828125,60480,77034008.wav
train,414,Clymene_Dolphin,Stenella,Delphinidae,5,166600,1.5951500600240096,265752,8303503S.wav
train,415,Humpback_Whale,Megaptera,Balaenopteridae,12,14900,4.453221476510067,66353,9220100E.wav
train,416,Atlantic_Spotted_Dolphin,Stenella,Delphinidae,0,80000,1.2486125,99889,6102603O.wav
train,417,Spinner_Dolphin,Stenella,Delphinidae,26,80000,1.6552875,132423,71001033.wav
train,418,Striped_Dolphin,Stenella,Delphinidae,27,81600,1.4914950980392156,121706,7500300V.wav
train,419,Spinner_Dolphin,Stenella,Delphinidae,26,80000,1.560075,124806,71008008.wav
train,420,Harp_Seal,Pagophilus,Phocidae,11,10240,1.41796875,14520,6701000F.wav
train,421,Spinner_Dolphin,Stenella,Delphinidae,26,81920,1.89061279296875,154879,7100300C.wav
train,422,White-beaked_Dolphin,Lagenorhynchus,Delphinidae,30,80000,1.8527,148216,7001300E.wav
train,423,Melon_Headed_Whale,Peponocephala,Delphinidae,16,81920,0.61453857421875,50343,9101201T.wav
train,424,Frasers_Dolphin,Lagenodelphis,Delphinidae,9,81920,1.89061279296875,154879,91013003.wav
train,425,Melon_Headed_Whale,Peponocephala,Delphinidae,16,60600,13.347772277227723,808875,9101204K.wav
train,426,"Fin,_Finback_Whale",Balaenoptera,Balaenopteridae,8,600,81.46666666666667,48880,6107900D.wav
train,427,Harp_Seal,Pagophilus,Phocidae,11,10240,0.708984375,7260,67010004.wav
train,428,Spinner_Dolphin,Stenella,Delphinidae,26,80000,1.04425,83540,7100401G.wav
train,429,False_Killer_Whale,Pseudorca,Delphinidae,7,81920,0.5390625,44160,6102100T.wav
train,430,Humpback_Whale,Megaptera,Balaenopteridae,12,14900,4.081073825503355,60808,92201005.wav
train,431,Killer_Whale,Orcinus,Delphinidae,13,40960,1.6999755859375,69631,60026001.wav
train,432,Atlantic_Spotted_Dolphin,Stenella,Delphinidae,0,80000,1.75695,140556,6102604L.wav
train,433,Humpback_Whale,Megaptera,Balaenopteridae,12,14900,27.43288590604027,408750,55113007.wav
train,434,Striped_Dolphin,Stenella,Delphinidae,27,166600,0.636014405762305,105960,72007039.wav
train,435,Atlantic_Spotted_Dolphin,Stenella,Delphinidae,0,80000,1.4382,115056,6102602K.wav
train,436,Melon_Headed_Whale,Peponocephala,Delphinidae,16,81920,0.1485107421875,12166,9101202R.wav
train,437,Clymene_Dolphin,Stenella,Delphinidae,5,166600,2.2341176470588233,372204,8300602T.wav
train,438,Ross_Seal,Ommatophoca,Phocidae,21,20000,2.65825,53165,66084004.wav
train,439,"Beluga,_White_Whale",Delphinapterus,Monodontidae,2,20000,4.3827,87654,62026002.wav
train,440,Long-Finned_Pilot_Whale,Globicephala,Delphinidae,15,80000,2.1094,168752,7500502U.wav
train,441,Melon_Headed_Whale,Peponocephala,Delphinidae,16,81920,1.3715087890625,112354,9101201C.wav
train,442,Clymene_Dolphin,Stenella,Delphinidae,5,166600,1.622797118847539,270358,8300604M.wav
train,443,Clymene_Dolphin,Stenella,Delphinidae,5,166600,1.3697358943577431,228198,8300604L.wav
train,444,Bowhead_Whale,Balaena,Balaenidae,4,10000,9.7083,97083,8800600C.wav
train,445,Ross_Seal,Ommatophoca,Phocidae,21,16000,2.201875,35230,66002A04.wav
train,446,Clymene_Dolphin,Stenella,Delphinidae,5,81920,2.8359375,232320,83006003.wav
train,447,Sperm_Whale,Physeter,Physeteridae,25,81920,17.8125,1459200,91003003.wav
train,448,Striped_Dolphin,Stenella,Delphinidae,27,60600,3.8491749174917493,233260,5801100W.wav
train,449,Short-Finned_Pacific_Pilot_Whale,Globicephala,Delphinidae,23,40000,1.31075,52430,9100500N.wav
train,450,Long-Finned_Pilot_Whale,Globicephala,Delphinidae,15,81920,1.09373779296875,89599,7703400S.wav
train,451,Narwhal,Monodon,Monodontidae,18,81920,1.41796875,116160,68002008.wav
train,452,Atlantic_Spotted_Dolphin,Stenella,Delphinidae,0,60600,1.116831683168317,67680,6102500E.wav
train,453,Striped_Dolphin,Stenella,Delphinidae,27,60600,3.292079207920792,199500,58011001.wav
train,454,Humpback_Whale,Megaptera,Balaenopteridae,12,14900,8.371073825503355,124729,9220100V.wav
train,455,Striped_Dolphin,Stenella,Delphinidae,27,81600,1.5103921568627452,123248,75003061.wav
train,456,Clymene_Dolphin,Stenella,Delphinidae,5,166600,2.207563025210084,367780,8300601V.wav
train,457,"Grampus,_Rissos_Dolphin",Grampus,Delphinidae,10,81920,0.55936279296875,45823,59029007.wav
train,458,Sperm_Whale,Physeter,Physeteridae,25,160000,95.61584375,15298535,84018001.wav
train,459,Rough-Toothed_Dolphin,Steno,Delphinidae,22,81920,1.44061279296875,118015,8501301D.wav
train,460,"Grampus,_Rissos_Dolphin",Grampus,Delphinidae,10,81920,0.37734375,30912,8500900J.wav
train,461,Spinner_Dolphin,Stenella,Delphinidae,26,80000,1.47465,117972,7100102O.wav
train,462,Bearded_Seal,Erignathus,Phocidae,1,20480,2.5640625,52512,70025006.wav
train,463,Spinner_Dolphin,Stenella,Delphinidae,26,80000,1.5252,122016,71001032.wav
train,464,Sperm_Whale,Physeter,Physeteridae,25,40960,2.5734375,105408,72009005.wav
train,465,Long-Finned_Pilot_Whale,Globicephala,Delphinidae,15,60600,29.473366336633664,1786086,54024008.wav
train,466,Common_Dolphin,Delphinus,Delphinidae,6,43900,1.3456036446469248,59072,5801402C.wav
train,467,Long-Finned_Pilot_Whale,Globicephala,Delphinidae,15,81600,1.9529411764705882,159360,7500402F.wav
train,468,White-beaked_Dolphin,Lagenorhynchus,Delphinidae,30,60600,2.765841584158416,167610,7200500N.wav
train,469,Common_Dolphin,Delphinus,Delphinidae,6,60600,53.03815181518152,3214112,5801404R.wav
train,470,Atlantic_Spotted_Dolphin,Stenella,Delphinidae,0,43900,3.527995444191344,154879,6102500A.wav
train,471,Sperm_Whale,Physeter,Physeteridae,25,81600,6.100661764705882,497814,9357000P.wav
train,472,Northern_Right_Whale,Eubalaena,Balaenidae,19,14900,1.993758389261745,29707,81014040.wav
train,473,Bottlenose_Dolphin,Tursiops,Delphinidae,3,81920,1.303125,106752,89514014.wav
train,474,Common_Dolphin,Delphinus,Delphinidae,6,60600,52.13993399339934,3159680,5801404V.wav
train,475,Northern_Right_Whale,Eubalaena,Balaenidae,19,8000,1.636375,13091,56018001.wav
train,476,"Fin,_Finback_Whale",Balaenoptera,Balaenopteridae,8,600,29.473333333333333,17684,6107900A.wav
train,477,Harp_Seal,Pagophilus,Phocidae,11,10240,1.41796875,14520,6700900F.wav
train,478,Striped_Dolphin,Stenella,Delphinidae,27,81600,0.7740196078431373,63160,7500300Z.wav
train,479,Sperm_Whale,Physeter,Physeteridae,25,81600,8.173039215686275,666920,9357000B.wav
train,480,Sperm_Whale,Physeter,Physeteridae,25,40960,0.3984375,16320,83019001.wav
train,481,Frasers_Dolphin,Lagenodelphis,Delphinidae,9,81920,0.8543701171875,69990,9100800D.wav
train,482,Northern_Right_Whale,Eubalaena,Balaenidae,19,10000,2.3808,23808,5900300J.wav
train,483,Killer_Whale,Orcinus,Delphinidae,13,21900,1.0641095890410959,23304,9750300Q.wav
train,484,Walrus,Odobenus,Odobenidae,28,40960,3.8124755859375,156159,7202000B.wav
train,485,Common_Dolphin,Delphinus,Delphinidae,6,81600,2.7900245098039216,227666,7500304O.wav
train,486,Clymene_Dolphin,Stenella,Delphinidae,5,166600,2.680168067226891,446516,8300602C.wav
train,487,Spinner_Dolphin,Stenella,Delphinidae,26,80000,1.31035,104828,7100801G.wav
train,488,Short-Finned_Pacific_Pilot_Whale,Globicephala,Delphinidae,23,40960,1.4203125,58176,81037008.wav
train,489,Northern_Right_Whale,Eubalaena,Balaenidae,19,10000,2.0335,20335,7001800T.wav
train,490,Weddell_Seal,Leptonychotes,Phocidae,29,43900,31.802004555808654,1396108,6404200B.wav
train,491,"Fin,_Finback_Whale",Balaenoptera,Balaenopteridae,8,600,87.1,52260,6107900H.wav
train,492,"Grampus,_Rissos_Dolphin",Grampus,Delphinidae,10,81920,0.346875,28416,8500900L.wav
train,493,Spinner_Dolphin,Stenella,Delphinidae,26,80000,1.01905,81524,7100101J.wav
train,494,Short-Finned_Pacific_Pilot_Whale,Globicephala,Delphinidae,23,30000,3.4551,103653,57021001.wav
train,495,Ross_Seal,Ommatophoca,Phocidae,21,20000,3.0699,61398,66084002.wav
train,496,False_Killer_Whale,Pseudorca,Delphinidae,7,81920,0.4828125,39552,6102101A.wav
train,497,Bottlenose_Dolphin,Tursiops,Delphinidae,3,60600,1.1716171617161717,71000,56006003.wav
train,498,Atlantic_Spotted_Dolphin,Stenella,Delphinidae,0,60600,1.0967656765676568,66464,6102500H.wav
train,499,Frasers_Dolphin,Lagenodelphis,Delphinidae,9,81920,1.89061279296875,154879,91008005.wav
train,500,White-sided_Dolphin,Lagenorhynchus,Delphinidae,31,148100,1.8835313977042538,278951,78007015.wav
train,501,Striped_Dolphin,Stenella,Delphinidae,27,81600,0.7661029411764706,62514,7500305Z.wav
train,502,White-sided_Dolphin,Lagenorhynchus,Delphinidae,31,81920,0.8896728515625,72882,79006017.wav
train,503,Killer_Whale,Orcinus,Delphinidae,13,21900,3.413881278538813,74764,9750000S.wav
train,504,Harp_Seal,Pagophilus,Phocidae,11,10240,1.41796875,14520,67010003.wav
train,505,Melon_Headed_Whale,Peponocephala,Delphinidae,16,81920,0.43280029296875,35455,91012026.wav
train,506,Atlantic_Spotted_Dolphin,Stenella,Delphinidae,0,60600,58.62316831683168,3552564,6102500R.wav
train,507,Frasers_Dolphin,Lagenodelphis,Delphinidae,9,60600,12.945742574257427,784512,91010028.wav
train,508,Melon_Headed_Whale,Peponocephala,Delphinidae,16,81920,0.12108154296875,9919,91012043.wav
train,509,False_Killer_Whale,Pseudorca,Delphinidae,7,81920,0.54609375,44736,61021011.wav
train,510,Common_Dolphin,Delphinus,Delphinidae,6,81920,1.41796875,116160,87003005.wav
train,511,Clymene_Dolphin,Stenella,Delphinidae,5,41600,1.4604086538461538,60753,8300604K.wav
train,512,Spinner_Dolphin,Stenella,Delphinidae,26,81920,0.94530029296875,77439,71003008.wav
train,513,Striped_Dolphin,Stenella,Delphinidae,27,81600,0.4658333333333333,38012,75003009.wav
train,514,"Fin,_Finback_Whale",Balaenoptera,Balaenopteridae,8,600,32.655,19593,61079007.wav
train,515,Killer_Whale,Orcinus,Delphinidae,13,40960,2.9999755859375,122879,60026005.wav
train,516,Harp_Seal,Pagophilus,Phocidae,11,10240,1.41796875,14520,6701000G.wav
train,517,Rough-Toothed_Dolphin,Steno,Delphinidae,22,81920,1.09373779296875,89599,8501400S.wav
train,518,False_Killer_Whale,Pseudorca,Delphinidae,7,80000,1.6506875,132055,9500300A.wav
train,519,Spinner_Dolphin,Stenella,Delphinidae,26,81920,1.89061279296875,154879,7100300U.wav
train,520,Walrus,Odobenus,Odobenidae,28,20000,11.853,237060,7200200A.wav
train,521,Clymene_Dolphin,Stenella,Delphinidae,5,81920,1.41796875,116160,8300600E.wav
train,522,Short-Finned_Pacific_Pilot_Whale,Globicephala,Delphinidae,23,40000,1.457,58280,9100500R.wav
train,523,False_Killer_Whale,Pseudorca,Delphinidae,7,81920,1.00936279296875,82687,61023006.wav
train,524,Narwhal,Monodon,Monodontidae,18,81920,1.41796875,116160,75014002.wav
train,525,Humpback_Whale,Megaptera,Balaenopteridae,12,5120,1.8935546875,9695,6301900D.wav
train,526,Common_Dolphin,Delphinus,Delphinidae,6,81600,2.6234558823529412,214074,7500304M.wav
train,527,Bowhead_Whale,Balaena,Balaenidae,4,10240,2.8359375,29040,7202100V.wav
train,528,Long-Finned_Pilot_Whale,Globicephala,Delphinidae,15,81920,0.93984375,76992,7702800U.wav
train,529,Striped_Dolphin,Stenella,Delphinidae,27,60600,1.1512211221122113,69764,5801100S.wav
train,530,Spinner_Dolphin,Stenella,Delphinidae,26,80000,0.743375,59470,7100700C.wav
train,531,Humpback_Whale,Megaptera,Balaenopteridae,12,14900,1.332281879194631,19851,92201003.wav
train,532,Pantropical_Spotted_Dolphin,Stenella,Delphinidae,20,80000,0.8471125,67769,9400807Y.wav
train,533,Humpback_Whale,Megaptera,Balaenopteridae,12,14900,3.1778523489932886,47350,9220100Z.wav
train,534,Atlantic_Spotted_Dolphin,Stenella,Delphinidae,0,80000,1.3395,107160,6102601Z.wav
train,535,Short-Finned_Pacific_Pilot_Whale,Globicephala,Delphinidae,23,40000,0.7727,30908,9100502M.wav
train,536,Short-Finned_Pacific_Pilot_Whale,Globicephala,Delphinidae,23,44100,1260.0,55566000,8401600B.wav
train,537,Clymene_Dolphin,Stenella,Delphinidae,5,166600,2.6739495798319326,445480,8300602B.wav
train,538,Short-Finned_Pacific_Pilot_Whale,Globicephala,Delphinidae,23,40960,1.4203125,58176,8103700B.wav
train,539,Sperm_Whale,Physeter,Physeteridae,25,81600,67.51205882352942,5508984,93570008.wav
train,540,False_Killer_Whale,Pseudorca,Delphinidae,7,81920,0.59296875,48576,6102100W.wav
train,541,Northern_Right_Whale,Eubalaena,Balaenidae,19,14900,2.5493959731543625,37986,8101403B.wav
train,542,Northern_Right_Whale,Eubalaena,Balaenidae,19,14900,2.4186577181208055,36038,81014033.wav
train,543,Bowhead_Whale,Balaena,Balaenidae,4,10000,3.642,36420,88006032.wav
train,544,Striped_Dolphin,Stenella,Delphinidae,27,81600,1.8017524509803922,147023,75003024.wav
train,545,"Fin,_Finback_Whale",Balaenoptera,Balaenopteridae,8,600,48.71666666666667,29230,6104700D.wav
train,546,False_Killer_Whale,Pseudorca,Delphinidae,7,81920,0.65625,53760,6102101U.wav
train,547,Bowhead_Whale,Balaena,Balaenidae,4,10000,6.5727,65727,8800600D.wav
train,548,"Beluga,_White_Whale",Delphinapterus,Monodontidae,2,80000,2.49805,199844,62022018.wav
train,549,White-sided_Dolphin,Lagenorhynchus,Delphinidae,31,166600,2.409795918367347,401472,7500100Y.wav
train,550,Clymene_Dolphin,Stenella,Delphinidae,5,81920,1.41796875,116160,83035001.wav
train,551,Common_Dolphin,Delphinus,Delphinidae,6,43900,1.738861047835991,76336,58014028.wav
train,552,Northern_Right_Whale,Eubalaena,Balaenidae,19,10200,0.5933333333333334,6052,56017018.wav
train,553,Short-Finned_Pacific_Pilot_Whale,Globicephala,Delphinidae,23,40960,1.4203125,58176,8103700E.wav
train,554,Bottlenose_Dolphin,Tursiops,Delphinidae,3,60600,1.2278547854785478,74408,56006004.wav
train,555,Bowhead_Whale,Balaena,Balaenidae,4,10000,6.5316,65316,88006016.wav
train,556,Ross_Seal,Ommatophoca,Phocidae,21,20000,2.5382,50764,66084006.wav
train,557,Spinner_Dolphin,Stenella,Delphinidae,26,81920,0.94530029296875,77439,71003004.wav
train,558,Short-Finned_Pacific_Pilot_Whale,Globicephala,Delphinidae,23,30000,1.8537666666666666,55613,5702100F.wav
train,559,Walrus,Odobenus,Odobenidae,28,40960,3.684375,150912,72019004.wav
train,560,Northern_Right_Whale,Eubalaena,Balaenidae,19,10200,0.8734313725490196,8909,5601700F.wav
train,561,Rough-Toothed_Dolphin,Steno,Delphinidae,22,81920,1.55311279296875,127231,8501400H.wav
train,562,Short-Finned_Pacific_Pilot_Whale,Globicephala,Delphinidae,23,40960,1.125,46080,8103700A.wav
train,563,Leopard_Seal,Hydrurga,Phocidae,14,5000,3.402,17010,6608400Z.wav
train,564,Killer_Whale,Orcinus,Delphinidae,13,21900,1.2238812785388127,26803,9750300I.wav
train,565,Bottlenose_Dolphin,Tursiops,Delphinidae,3,81920,1.875,153600,89514005.wav
train,566,Clymene_Dolphin,Stenella,Delphinidae,5,166600,1.9197599039615847,319832,8300604H.wav
train,567,Bowhead_Whale,Balaena,Balaenidae,4,10000,7.4469,74469,88006038.wav
train,568,Minke_Whale,Balaenoptera,Balaenopteridae,17,1280,0.94453125,1209,64103001.wav
train,569,Rough-Toothed_Dolphin,Steno,Delphinidae,22,81920,1.89061279296875,154879,8501300D.wav
train,570,"Beluga,_White_Whale",Delphinapterus,Monodontidae,2,40000,1.37125,54850,6503000F.wav
train,571,White-sided_Dolphin,Lagenorhynchus,Delphinidae,31,80000,2.442,195360,6107200S.wav
train,572,Atlantic_Spotted_Dolphin,Stenella,Delphinidae,0,80000,1.4241,113928,61026020.wav
train,573,Striped_Dolphin,Stenella,Delphinidae,27,60600,1.5122112211221121,91640,5801101K.wav
train,574,Frasers_Dolphin,Lagenodelphis,Delphinidae,9,60600,30.346732673267326,1839012,9101301M.wav
train,575,Sperm_Whale,Physeter,Physeteridae,25,40960,5.671875,232320,84014009.wav
train,576,Rough-Toothed_Dolphin,Steno,Delphinidae,22,81920,1.08046875,88512,8501300L.wav
train,577,"Fin,_Finback_Whale",Balaenoptera,Balaenopteridae,8,600,59.93833333333333,35963,6104700F.wav
train,578,"Grampus,_Rissos_Dolphin",Grampus,Delphinidae,10,81920,0.589208984375,48268,59030032.wav
train,579,"Grampus,_Rissos_Dolphin",Grampus,Delphinidae,10,81920,0.406494140625,33300,59030036.wav
train,580,Killer_Whale,Orcinus,Delphinidae,13,21900,2.7593607305936074,60430,9750301Q.wav
train,581,Frasers_Dolphin,Lagenodelphis,Delphinidae,9,81920,1.29061279296875,105727,91010019.wav
train,582,Minke_Whale,Balaenoptera,Balaenopteridae,17,1280,0.70859375,907,64104002.wav
train,583,Narwhal,Monodon,Monodontidae,18,81920,1.41796875,116160,7501400K.wav
train,584,Bowhead_Whale,Balaena,Balaenidae,4,10000,3.7446,37446,8800602T.wav
train,585,Spinner_Dolphin,Stenella,Delphinidae,26,81920,0.94530029296875,77439,7100300P.wav
train,586,Bowhead_Whale,Balaena,Balaenidae,4,10000,4.2948,42948,8800600E.wav
train,587,Sperm_Whale,Physeter,Physeteridae,25,81600,1.484705882352941,121152,93570007.wav
train,588,Long-Finned_Pilot_Whale,Globicephala,Delphinidae,15,81920,0.97811279296875,80127,7703400K.wav
train,589,Killer_Whale,Orcinus,Delphinidae,13,40960,1.8937255859375,77567,6002600A.wav
train,590,Sperm_Whale,Physeter,Physeteridae,25,81920,0.60311279296875,49407,9101201E.wav
train,591,False_Killer_Whale,Pseudorca,Delphinidae,7,30000,5.768633333333334,173059,61023002.wav
train,592,Pantropical_Spotted_Dolphin,Stenella,Delphinidae,20,55500,1.949009009009009,108170,64005009.wav
train,593,"Grampus,_Rissos_Dolphin",Grampus,Delphinidae,10,81920,0.46873779296875,38399,5902900U.wav
train,594,Striped_Dolphin,Stenella,Delphinidae,27,60600,0.35806930693069305,21699,5801101M.wav
train,595,Killer_Whale,Orcinus,Delphinidae,13,21900,1.0476712328767124,22944,9750301M.wav
train,596,Frasers_Dolphin,Lagenodelphis,Delphinidae,9,81920,0.8662353515625,70962,9101001Q.wav
train,597,Northern_Right_Whale,Eubalaena,Balaenidae,19,10000,2.406,24060,5900300M.wav
train,598,Long-Finned_Pilot_Whale,Globicephala,Delphinidae,15,80000,1.2681875,101455,75005031.wav
train,599,Bowhead_Whale,Balaena,Balaenidae,4,10000,4.0758,40758,8800602Z.wav
train,600,Spinner_Dolphin,Stenella,Delphinidae,26,81920,1.89061279296875,154879,7100300V.wav
train,601,Bowhead_Whale,Balaena,Balaenidae,4,10000,4.2102,42102,8800602S.wav
train,602,White-sided_Dolphin,Lagenorhynchus,Delphinidae,31,80000,1.507,120560,6107201X.wav
train,603,White-beaked_Dolphin,Lagenorhynchus,Delphinidae,30,60600,3.38539603960396,205155,59037014.wav
train,604,Spinner_Dolphin,Stenella,Delphinidae,26,80000,1.0705125,85641,7100401E.wav
train,605,False_Killer_Whale,Pseudorca,Delphinidae,7,81920,0.61875,50688,6102300H.wav
train,606,Humpback_Whale,Megaptera,Balaenopteridae,12,14900,152.9986577181208,2279680,6301901T.wav
train,607,Short-Finned_Pacific_Pilot_Whale,Globicephala,Delphinidae,23,40000,0.6748,26992,91005020.wav
train,608,Spinner_Dolphin,Stenella,Delphinidae,26,80000,1.084175,86734,71004015.wav
train,609,Killer_Whale,Orcinus,Delphinidae,13,40960,1.6999755859375,69631,60026004.wav
train,610,Long-Finned_Pilot_Whale,Globicephala,Delphinidae,15,80000,2.0498,163984,7500502W.wav
train,611,"Beluga,_White_Whale",Delphinapterus,Monodontidae,2,30000,4.078633333333333,122359,63015002.wav
train,612,Narwhal,Monodon,Monodontidae,18,81920,1.41796875,116160,7501400O.wav
train,613,Spinner_Dolphin,Stenella,Delphinidae,26,80000,1.04195,83356,71001010.wav
train,614,Frasers_Dolphin,Lagenodelphis,Delphinidae,9,81920,0.7238525390625,59298,91008009.wav
train,615,Frasers_Dolphin,Lagenodelphis,Delphinidae,9,60600,28.324752475247525,1716480,9101301P.wav
train,616,Bowhead_Whale,Balaena,Balaenidae,4,10000,3.9366,39366,8800600W.wav
train,617,Sperm_Whale,Physeter,Physeteridae,25,40960,0.71015625,29088,84014001.wav
train,618,White-sided_Dolphin,Lagenorhynchus,Delphinidae,31,80000,3.482775,278622,6107202L.wav
train,619,"Grampus,_Rissos_Dolphin",Grampus,Delphinidae,10,40000,4.904825,196193,5903000E.wav
train,620,Pantropical_Spotted_Dolphin,Stenella,Delphinidae,20,80000,1.085,86800,9400801U.wav
train,621,Harp_Seal,Pagophilus,Phocidae,11,10240,2.428125,24864,6700900K.wav
train,622,"Beluga,_White_Whale",Delphinapterus,Monodontidae,2,40000,1.22235,48894,65030001.wav
train,623,Narwhal,Monodon,Monodontidae,18,81920,1.41796875,116160,75014011.wav
train,624,Northern_Right_Whale,Eubalaena,Balaenidae,19,10200,2.067745098039216,21091,56028001.wav
train,625,White-beaked_Dolphin,Lagenorhynchus,Delphinidae,30,60600,6.929042904290429,419900,5903700K.wav
train,626,White-sided_Dolphin,Lagenorhynchus,Delphinidae,31,166600,3.177527010804322,529376,7500102H.wav
train,627,Narwhal,Monodon,Monodontidae,18,81920,1.41796875,116160,7501400Z.wav
train,628,Sperm_Whale,Physeter,Physeteridae,25,40960,1.28203125,52512,87017004.wav
train,629,Frasers_Dolphin,Lagenodelphis,Delphinidae,9,81920,3.78123779296875,309759,9101000Z.wav
train,630,Harp_Seal,Pagophilus,Phocidae,11,10240,1.41796875,14520,6700900D.wav
train,631,Striped_Dolphin,Stenella,Delphinidae,27,60600,2.3526567656765676,142571,58011012.wav
train,632,Pantropical_Spotted_Dolphin,Stenella,Delphinidae,20,81920,1.41796875,116160,9002800A.wav
train,633,Rough-Toothed_Dolphin,Steno,Delphinidae,22,81920,1.00078125,81984,8501400M.wav
train,634,Atlantic_Spotted_Dolphin,Stenella,Delphinidae,0,80000,1.2980625,103845,6102603S.wav
train,635,Common_Dolphin,Delphinus,Delphinidae,6,81600,2.2903186274509806,186890,7500304K.wav
train,636,Southern_Right_Whale,Eubalaena,Balaenidae,24,5120,1.41796875,7260,79002007.wav
train,637,Atlantic_Spotted_Dolphin,Stenella,Delphinidae,0,80000,1.551,124080,6102601Y.wav
train,638,Striped_Dolphin,Stenella,Delphinidae,27,60600,1.2712871287128713,77040,5801101J.wav
train,639,Bowhead_Whale,Balaena,Balaenidae,4,10240,11.34375,116160,78018003.wav
train,640,Southern_Right_Whale,Eubalaena,Balaenidae,24,5120,1.848046875,9462,7900200S.wav
train,641,White-beaked_Dolphin,Lagenorhynchus,Delphinidae,30,60600,1.6511716171617161,100061,72005003.wav
train,642,Long-Finned_Pilot_Whale,Globicephala,Delphinidae,15,80000,3.49125,279300,7500502Z.wav
train,643,Sperm_Whale,Physeter,Physeteridae,25,40960,2.8359375,116160,72009002.wav
train,644,Atlantic_Spotted_Dolphin,Stenella,Delphinidae,0,43900,3.527995444191344,154879,61025001.wav
train,645,Humpback_Whale,Megaptera,Balaenopteridae,12,5120,1.3875,7104,6301900T.wav
train,646,Bearded_Seal,Erignathus,Phocidae,1,18000,8.174777777777777,147146,66038005.wav
train,647,"Grampus,_Rissos_Dolphin",Grampus,Delphinidae,10,81920,2.61248779296875,214015,59030023.wav
train,648,Pantropical_Spotted_Dolphin,Stenella,Delphinidae,20,80000,0.9933,79464,9400800W.wav
train,649,Striped_Dolphin,Stenella,Delphinidae,27,81600,1.32125,107814,7500300T.wav
train,650,Short-Finned_Pacific_Pilot_Whale,Globicephala,Delphinidae,23,40000,0.853125,34125,9100503J.wav
train,651,Long-Finned_Pilot_Whale,Globicephala,Delphinidae,15,81920,0.89765625,73536,77034006.wav
train,652,Sperm_Whale,Physeter,Physeteridae,25,81920,17.8125,1459200,91003005.wav
train,653,Ross_Seal,Ommatophoca,Phocidae,21,20000,3.1213,62426,6608400C.wav
train,654,Bowhead_Whale,Balaena,Balaenidae,4,10240,2.8359375,29040,7202100T.wav
train,655,Sperm_Whale,Physeter,Physeteridae,25,81920,12.76199951171875,1045463,62031003.wav
train,656,White-beaked_Dolphin,Lagenorhynchus,Delphinidae,30,60600,1.9311881188118811,117030,59037016.wav
train,657,White-sided_Dolphin,Lagenorhynchus,Delphinidae,31,60600,46.62925742574257,2825733,61072032.wav
train,658,Pantropical_Spotted_Dolphin,Stenella,Delphinidae,20,80000,0.775125,62010,9400807Q.wav
train,659,Short-Finned_Pacific_Pilot_Whale,Globicephala,Delphinidae,23,30000,6.0991333333333335,182974,57021002.wav
train,660,"Fin,_Finback_Whale",Balaenoptera,Balaenopteridae,8,640,24.0,15360,78014004.wav
train,661,Atlantic_Spotted_Dolphin,Stenella,Delphinidae,0,80000,1.3959,111672,6102603A.wav
train,662,Clymene_Dolphin,Stenella,Delphinidae,5,166600,3.1838655462184873,530432,8300602M.wav
train,663,White-beaked_Dolphin,Lagenorhynchus,Delphinidae,30,80000,1.73135,138508,70006004.wav
train,664,Striped_Dolphin,Stenella,Delphinidae,27,81600,1.0925490196078431,89152,75003016.wav
train,665,Pantropical_Spotted_Dolphin,Stenella,Delphinidae,20,80000,0.304,24320,94006005.wav
train,666,Frasers_Dolphin,Lagenodelphis,Delphinidae,9,81920,1.89061279296875,154879,91013004.wav
train,667,Walrus,Odobenus,Odobenidae,28,10240,1.040625,10656,72014002.wav
train,668,Harp_Seal,Pagophilus,Phocidae,11,10240,3.421875,35040,6700900Q.wav
train,669,Long-Finned_Pilot_Whale,Globicephala,Delphinidae,15,81600,0.7446078431372549,60760,75004025.wav
train,670,"Fin,_Finback_Whale",Balaenoptera,Balaenopteridae,8,640,24.0,15360,78014009.wav
train,671,Bearded_Seal,Erignathus,Phocidae,1,20480,2.1046875,43104,70025007.wav
train,672,Frasers_Dolphin,Lagenodelphis,Delphinidae,9,81920,0.61962890625,50760,9101301D.wav
train,673,Bearded_Seal,Erignathus,Phocidae,1,10240,40.875,418560,78018001.wav
train,674,Frasers_Dolphin,Lagenodelphis,Delphinidae,9,60600,32.76039603960396,1985280,9101301K.wav
train,675,Narwhal,Monodon,Monodontidae,18,81920,1.41796875,116160,75014005.wav
train,676,White-beaked_Dolphin,Lagenorhynchus,Delphinidae,30,60600,2.2866996699669966,138574,7200500E.wav
train,677,Southern_Right_Whale,Eubalaena,Balaenidae,24,5120,2.394140625,12258,7900200V.wav
train,678,Sperm_Whale,Physeter,Physeteridae,25,81600,5.427254901960785,442864,9357000E.wav
train,679,False_Killer_Whale,Pseudorca,Delphinidae,7,80000,3.3046,264368,9500300B.wav
train,680,Northern_Right_Whale,Eubalaena,Balaenidae,19,10000,2.4552,24552,5900300N.wav
train,681,Atlantic_Spotted_Dolphin,Stenella,Delphinidae,0,80000,1.5087,120696,6102603E.wav
train,682,Spinner_Dolphin,Stenella,Delphinidae,26,81920,1.41796875,116160,7100300W.wav
train,683,Atlantic_Spotted_Dolphin,Stenella,Delphinidae,0,80000,1.3959,111672,6102603F.wav
train,684,"Fin,_Finback_Whale",Balaenoptera,Balaenopteridae,8,600,5.9383333333333335,3563,6000900L.wav
train,685,Rough-Toothed_Dolphin,Steno,Delphinidae,22,81920,1.15623779296875,94719,8501301H.wav
train,686,Bottlenose_Dolphin,Tursiops,Delphinidae,3,81920,1.303125,106752,89514015.wav
train,687,Melon_Headed_Whale,Peponocephala,Delphinidae,16,81920,0.1013671875,8304,91012042.wav
train,688,Harp_Seal,Pagophilus,Phocidae,11,10240,0.708984375,7260,6701000C.wav
train,689,Long-Finned_Pilot_Whale,Globicephala,Delphinidae,15,81600,1.95125,159222,7500402E.wav
train,690,False_Killer_Whale,Pseudorca,Delphinidae,7,81920,0.60234375,49344,61023010.wav
train,691,Harp_Seal,Pagophilus,Phocidae,11,10240,0.708984375,7260,67010009.wav
train,692,Atlantic_Spotted_Dolphin,Stenella,Delphinidae,0,80000,1.9292,154336,6102604J.wav
train,693,Frasers_Dolphin,Lagenodelphis,Delphinidae,9,60600,30.943894389438945,1875200,91010029.wav
train,694,Melon_Headed_Whale,Peponocephala,Delphinidae,16,81920,0.21710205078125,17785,9101202T.wav
train,695,Atlantic_Spotted_Dolphin,Stenella,Delphinidae,0,80000,1.3846,110768,6102603W.wav
train,696,Frasers_Dolphin,Lagenodelphis,Delphinidae,9,81920,1.89061279296875,154879,9101300F.wav
train,697,Frasers_Dolphin,Lagenodelphis,Delphinidae,9,81920,1.425,116736,91013016.wav
train,698,Melon_Headed_Whale,Peponocephala,Delphinidae,16,81920,0.19317626953125,15825,91012037.wav
train,699,Melon_Headed_Whale,Peponocephala,Delphinidae,16,81920,0.58436279296875,47871,91012024.wav
train,700,Humpback_Whale,Megaptera,Balaenopteridae,12,14900,5.705234899328859,85008,9220100Q.wav
train,701,Bearded_Seal,Erignathus,Phocidae,1,10240,2.7515625,28176,7801800D.wav
train,702,False_Killer_Whale,Pseudorca,Delphinidae,7,81920,0.71561279296875,58623,6102300Z.wav
train,703,Long-Finned_Pilot_Whale,Globicephala,Delphinidae,15,81920,0.75,61440,7703400Q.wav
train,704,Melon_Headed_Whale,Peponocephala,Delphinidae,16,81920,1.8547119140625,151938,9101201F.wav
train,705,Melon_Headed_Whale,Peponocephala,Delphinidae,16,81920,1.12498779296875,92159,9101201Z.wav
train,706,Killer_Whale,Orcinus,Delphinidae,13,20480,1.415625,28992,64020001.wav
train,707,Atlantic_Spotted_Dolphin,Stenella,Delphinidae,0,43900,1.763986332574032,77439,61025006.wav
train,708,Northern_Right_Whale,Eubalaena,Balaenidae,19,8000,1.867125,14937,56018003.wav
train,709,Bottlenose_Dolphin,Tursiops,Delphinidae,3,81920,1.303125,106752,89514010.wav
train,710,Killer_Whale,Orcinus,Delphinidae,13,21900,2.0305479452054795,44469,9769201Q.wav
train,711,Harp_Seal,Pagophilus,Phocidae,11,10240,3.440625,35232,6700900H.wav
train,712,Southern_Right_Whale,Eubalaena,Balaenidae,24,5120,2.765625,14160,7900200Q.wav
train,713,Spinner_Dolphin,Stenella,Delphinidae,26,80000,1.0583125,84665,7101001G.wav
train,714,Spinner_Dolphin,Stenella,Delphinidae,26,80000,1.7316625,138533,7100801L.wav
train,715,"Grampus,_Rissos_Dolphin",Grampus,Delphinidae,10,81920,1.08748779296875,89087,5903001Y.wav
train,716,"Grampus,_Rissos_Dolphin",Grampus,Delphinidae,10,30000,5.1076,153228,59030001.wav
train,717,Humpback_Whale,Megaptera,Balaenopteridae,12,14900,85.15818791946309,1268857,63019017.wav
train,718,Humpback_Whale,Megaptera,Balaenopteridae,12,14900,10.935906040268456,162945,6301900W.wav
train,719,Clymene_Dolphin,Stenella,Delphinidae,5,81920,1.41796875,116160,83035006.wav
train,720,Atlantic_Spotted_Dolphin,Stenella,Delphinidae,0,80000,1.9211875,153695,61026001.wav
train,721,Bottlenose_Dolphin,Tursiops,Delphinidae,3,60600,0.9747854785478548,59072,56006001.wav
train,722,"Fin,_Finback_Whale",Balaenoptera,Balaenopteridae,8,600,46.8,28080,6107900G.wav
train,723,Spinner_Dolphin,Stenella,Delphinidae,26,80000,0.978975,78318,7100101X.wav
train,724,Bearded_Seal,Erignathus,Phocidae,1,30000,6.5398,196194,66038003.wav
train,725,"Grampus,_Rissos_Dolphin",Grampus,Delphinidae,10,81920,0.57498779296875,47103,59030029.wav
train,726,White-sided_Dolphin,Lagenorhynchus,Delphinidae,31,166600,1.9689795918367348,328032,75001019.wav
train,727,Common_Dolphin,Delphinus,Delphinidae,6,81600,1.157095588235294,94419,7500305M.wav
train,728,Bearded_Seal,Erignathus,Phocidae,1,10240,142.5,1459200,72021005.wav
train,729,False_Killer_Whale,Pseudorca,Delphinidae,7,80000,1.9188,153504,95003007.wav
train,730,Bearded_Seal,Erignathus,Phocidae,1,18000,3.905777777777778,70304,66038001.wav
train,731,Atlantic_Spotted_Dolphin,Stenella,Delphinidae,0,43900,3.527995444191344,154879,61025003.wav
train,732,False_Killer_Whale,Pseudorca,Delphinidae,7,30000,2.7547,82641,6102301I.wav
train,733,Rough-Toothed_Dolphin,Steno,Delphinidae,22,81920,1.44061279296875,118015,8501300N.wav
train,734,"Fin,_Finback_Whale",Balaenoptera,Balaenopteridae,8,600,44.775,26865,61079005.wav
train,735,Sperm_Whale,Physeter,Physeteridae,25,60600,1.1592574257425743,70251,94004004.wav
train,736,Common_Dolphin,Delphinus,Delphinidae,6,81600,1.7682352941176471,144288,7500303N.wav
train,737,Spinner_Dolphin,Stenella,Delphinidae,26,80000,1.41365,113092,71008002.wav
train,738,White-sided_Dolphin,Lagenorhynchus,Delphinidae,31,148100,1.253801485482782,185688,79004007.wav
train,739,Melon_Headed_Whale,Peponocephala,Delphinidae,16,81920,0.19029541015625,15589,91012039.wav
train,740,False_Killer_Whale,Pseudorca,Delphinidae,7,81920,1.14686279296875,93951,6102300D.wav
train,741,White-beaked_Dolphin,Lagenorhynchus,Delphinidae,30,60600,1.7367161716171617,105245,7200500F.wav
train,742,Killer_Whale,Orcinus,Delphinidae,13,40960,1.275,52224,60026003.wav
train,743,False_Killer_Whale,Pseudorca,Delphinidae,7,81920,0.84609375,69312,61023015.wav
train,744,Spinner_Dolphin,Stenella,Delphinidae,26,81920,0.94530029296875,77439,71003006.wav
train,745,Narwhal,Monodon,Monodontidae,18,81920,1.41796875,116160,7501400A.wav
train,746,Atlantic_Spotted_Dolphin,Stenella,Delphinidae,0,80000,1.5369,122952,61026021.wav
train,747,Frasers_Dolphin,Lagenodelphis,Delphinidae,9,81920,3.78123779296875,309759,9101300I.wav
train,748,Sperm_Whale,Physeter,Physeteridae,25,81600,8.524914215686275,695633,9357001A.wav
train,749,White-sided_Dolphin,Lagenorhynchus,Delphinidae,31,148100,1.0587440918298447,156800,7800701J.wav
train,750,Long-Finned_Pilot_Whale,Globicephala,Delphinidae,15,81600,1.0676470588235294,87120,7500403N.wav
train,751,Long-Finned_Pilot_Whale,Globicephala,Delphinidae,15,81920,0.63123779296875,51711,7703400J.wav
train,752,"Fin,_Finback_Whale",Balaenoptera,Balaenopteridae,8,600,42.79666666666667,25678,6104700E.wav
train,753,Striped_Dolphin,Stenella,Delphinidae,27,81600,1.5852328431372549,129355,7500301W.wav
train,754,White-beaked_Dolphin,Lagenorhynchus,Delphinidae,30,60600,2.6688778877887787,161734,7200500C.wav
train,755,Bottlenose_Dolphin,Tursiops,Delphinidae,3,60600,1.2184818481848185,73840,56006002.wav
train,756,Spinner_Dolphin,Stenella,Delphinidae,26,80000,2.0381,163048,7100101M.wav
train,757,Walrus,Odobenus,Odobenidae,28,40960,5.025,205824,72019001.wav
train,758,Common_Dolphin,Delphinus,Delphinidae,6,81600,0.8914705882352941,72744,7500305C.wav
train,759,Common_Dolphin,Delphinus,Delphinidae,6,60600,52.13993399339934,3159680,5801404U.wav
train,760,Melon_Headed_Whale,Peponocephala,Delphinidae,16,81920,0.94530029296875,77439,91012009.wav
train,761,Sperm_Whale,Physeter,Physeteridae,25,40960,0.71015625,29088,84014003.wav
train,762,Pantropical_Spotted_Dolphin,Stenella,Delphinidae,20,81920,0.710498046875,58204,9002800F.wav
train,763,Melon_Headed_Whale,Peponocephala,Delphinidae,16,81920,1.14310302734375,93643,9101201L.wav
train,764,Killer_Whale,Orcinus,Delphinidae,13,21900,1.677351598173516,36734,97503007.wav
train,765,Southern_Right_Whale,Eubalaena,Balaenidae,24,5120,1.41796875,7260,7900200L.wav
train,766,Rough-Toothed_Dolphin,Steno,Delphinidae,22,81920,1.89061279296875,154879,85013007.wav
train,767,Striped_Dolphin,Stenella,Delphinidae,27,60600,1.4996699669966997,90880,5801100C.wav
train,768,White-sided_Dolphin,Lagenorhynchus,Delphinidae,31,80000,1.91475,153180,6107200M.wav
train,769,Sperm_Whale,Physeter,Physeteridae,25,40000,20.032225,801289,84020001.wav
train,770,Humpback_Whale,Megaptera,Balaenopteridae,12,14900,9.091812080536913,135468,63019011.wav
train,771,Humpback_Whale,Megaptera,Balaenopteridae,12,14900,9.93986577181208,148104,6301901C.wav
train,772,Short-Finned_Pacific_Pilot_Whale,Globicephala,Delphinidae,23,40000,0.8428,33712,9100501W.wav
train,773,Northern_Right_Whale,Eubalaena,Balaenidae,19,10000,2.0584,20584,5900300O.wav
train,774,Sperm_Whale,Physeter,Physeteridae,25,81920,1.659375,135936,85005003.wav
train,775,Clymene_Dolphin,Stenella,Delphinidae,5,166600,2.0135234093637453,335453,8300604N.wav
train,776,Ross_Seal,Ommatophoca,Phocidae,21,20000,4.0716,81432,6608900G.wav
train,777,Humpback_Whale,Megaptera,Balaenopteridae,12,5120,2.8359375,14520,63019001.wav
train,778,False_Killer_Whale,Pseudorca,Delphinidae,7,81920,0.309375,25344,6102101B.wav
train,779,Frasers_Dolphin,Lagenodelphis,Delphinidae,9,81920,0.6882568359375,56382,91008008.wav
train,780,"Grampus,_Rissos_Dolphin",Grampus,Delphinidae,10,81920,0.32811279296875,26879,5902900Z.wav
train,781,Clymene_Dolphin,Stenella,Delphinidae,5,166600,1.1355342136854742,189180,8303503N.wav
train,782,Walrus,Odobenus,Odobenidae,28,5120,1.10625,5664,72014009.wav
train,783,Humpback_Whale,Megaptera,Balaenopteridae,12,14900,13.95973154362416,208000,6301900V.wav
train,784,Ross_Seal,Ommatophoca,Phocidae,21,20000,3.0951,61902,6608900A.wav
train,785,Striped_Dolphin,Stenella,Delphinidae,27,60600,1.1599009900990098,70290,5801100A.wav
train,786,Short-Finned_Pacific_Pilot_Whale,Globicephala,Delphinidae,23,30000,1.4834666666666667,44504,5702100G.wav
train,787,Sperm_Whale,Physeter,Physeteridae,25,81920,1.32890625,108864,7702800X.wav
train,788,White-sided_Dolphin,Lagenorhynchus,Delphinidae,31,80000,2.702225,216178,6107200G.wav
train,789,White-sided_Dolphin,Lagenorhynchus,Delphinidae,31,80000,2.79295,223436,6107202D.wav
train,790,Ross_Seal,Ommatophoca,Phocidae,21,30000,1.3835,41505,66002A02.wav
train,791,Pantropical_Spotted_Dolphin,Stenella,Delphinidae,20,60600,1.8402640264026402,111520,93001008.wav
train,792,Long-Finned_Pilot_Whale,Globicephala,Delphinidae,15,81600,0.8861764705882353,72312,7500403A.wav
train,793,Bearded_Seal,Erignathus,Phocidae,1,18000,8.037,144666,66038007.wav
train,794,Humpback_Whale,Megaptera,Balaenopteridae,12,14900,105.0706711409396,1565553,6301901N.wav
train,795,White-sided_Dolphin,Lagenorhynchus,Delphinidae,31,80000,1.3508625,108069,61072021.wav
train,796,Bowhead_Whale,Balaena,Balaenidae,4,10000,2.73,27300,8800601Y.wav
train,797,Long-Finned_Pilot_Whale,Globicephala,Delphinidae,15,81920,0.89765625,73536,7702801K.wav
train,798,Ross_Seal,Ommatophoca,Phocidae,21,20000,2.38385,47677,6608400B.wav
train,799,Melon_Headed_Whale,Peponocephala,Delphinidae,16,81920,0.15498046875,12696,91012046.wav
train,800,Short-Finned_Pacific_Pilot_Whale,Globicephala,Delphinidae,23,80000,1.314675,105174,9100503O.wav
train,801,Bottlenose_Dolphin,Tursiops,Delphinidae,3,81920,1.303125,106752,89514018.wav
train,802,Narwhal,Monodon,Monodontidae,18,81920,1.41796875,116160,7501400I.wav
train,803,Atlantic_Spotted_Dolphin,Stenella,Delphinidae,0,80000,1.682425,134594,6102600G.wav
train,804,White-beaked_Dolphin,Lagenorhynchus,Delphinidae,30,60600,1.9467821782178218,117975,5903700Y.wav
train,805,Frasers_Dolphin,Lagenodelphis,Delphinidae,9,81920,3.78123779296875,309759,9101300X.wav
train,806,White-beaked_Dolphin,Lagenorhynchus,Delphinidae,30,80000,1.7977875,143823,70006003.wav
train,807,Harp_Seal,Pagophilus,Phocidae,11,10240,4.096875,41952,67009003.wav
train,808,Short-Finned_Pacific_Pilot_Whale,Globicephala,Delphinidae,23,40000,1.462875,58515,91005012.wav
train,809,Walrus,Odobenus,Odobenidae,28,30000,4.243833333333333,127315,66006005.wav
train,810,Melon_Headed_Whale,Peponocephala,Delphinidae,16,81920,0.20859375,17088,9101203S.wav
train,811,Bowhead_Whale,Balaena,Balaenidae,4,10000,2.975,29750,8800601U.wav
train,812,Frasers_Dolphin,Lagenodelphis,Delphinidae,9,60600,21.86772277227723,1325184,9101002C.wav
train,813,Ross_Seal,Ommatophoca,Phocidae,21,20000,3.9102,78204,66084008.wav
train,814,"Grampus,_Rissos_Dolphin",Grampus,Delphinidae,10,81920,0.384375,31488,8500900S.wav
train,815,Walrus,Odobenus,Odobenidae,28,10240,0.8203125,8400,72014007.wav
train,816,Narwhal,Monodon,Monodontidae,18,81920,1.41796875,116160,7501400G.wav
train,817,Spinner_Dolphin,Stenella,Delphinidae,26,80000,0.9797,78376,71001038.wav
train,818,Northern_Right_Whale,Eubalaena,Balaenidae,19,5120,1.5,7680,74003004.wav
train,819,Ross_Seal,Ommatophoca,Phocidae,21,20000,2.04085,40817,6608400D.wav
train,820,Common_Dolphin,Delphinus,Delphinidae,6,81920,1.41796875,116160,87003006.wav
train,821,Bowhead_Whale,Balaena,Balaenidae,4,10000,4.1782,41782,8800600T.wav
train,822,Striped_Dolphin,Stenella,Delphinidae,27,60600,1.8504290429042904,112136,5801100T.wav
train,823,Long-Finned_Pilot_Whale,Globicephala,Delphinidae,15,81600,0.2784313725490196,22720,7500400U.wav
train,824,False_Killer_Whale,Pseudorca,Delphinidae,7,81920,1.37186279296875,112383,6102300C.wav
train,825,Northern_Right_Whale,Eubalaena,Balaenidae,19,14900,2.2475167785234897,33488,59004002.wav
train,826,Narwhal,Monodon,Monodontidae,18,81920,1.41796875,116160,7501400J.wav
train,827,Bottlenose_Dolphin,Tursiops,Delphinidae,3,60600,0.7685808580858086,46576,5600600D.wav
train,828,White-beaked_Dolphin,Lagenorhynchus,Delphinidae,30,80000,1.7493,139944,70014010.wav
train,829,Striped_Dolphin,Stenella,Delphinidae,27,60600,2.9522112211221123,178904,5801100V.wav
train,830,Clymene_Dolphin,Stenella,Delphinidae,5,166600,2.1530852340936373,358704,8300601J.wav
train,831,Melon_Headed_Whale,Peponocephala,Delphinidae,16,81920,0.15721435546875,12879,9101203V.wav
train,832,Striped_Dolphin,Stenella,Delphinidae,27,81600,2.0243995098039216,165191,7500300Q.wav
train,833,Spinner_Dolphin,Stenella,Delphinidae,26,80000,1.1908,95264,7100101R.wav
train,834,Striped_Dolphin,Stenella,Delphinidae,27,60600,1.174917491749175,71200,5801101L.wav
train,835,White-beaked_Dolphin,Lagenorhynchus,Delphinidae,30,60600,1.9685478547854784,119294,72005001.wav
train,836,Pantropical_Spotted_Dolphin,Stenella,Delphinidae,20,80000,0.6138125,49105,94008008.wav
train,837,Atlantic_Spotted_Dolphin,Stenella,Delphinidae,0,60600,1.451089108910891,87936,6102500Q.wav
train,838,White-beaked_Dolphin,Lagenorhynchus,Delphinidae,30,60600,2.5223762376237624,152856,7200500D.wav
train,839,Long-Finned_Pilot_Whale,Globicephala,Delphinidae,15,81920,1.32890625,108864,7702800X.wav
train,840,Frasers_Dolphin,Lagenodelphis,Delphinidae,9,81920,0.71383056640625,58477,91010022.wav
train,841,Harp_Seal,Pagophilus,Phocidae,11,10240,2.7796875,28464,6700900B.wav
train,842,Frasers_Dolphin,Lagenodelphis,Delphinidae,9,81920,1.02421875,83904,9101001O.wav
train,843,Bowhead_Whale,Balaena,Balaenidae,4,10000,5.2239,52239,8800600P.wav
train,844,Rough-Toothed_Dolphin,Steno,Delphinidae,22,81920,0.8203125,67200,8501400V.wav
train,845,Narwhal,Monodon,Monodontidae,18,81920,1.41796875,116160,7501400Y.wav
train,846,Striped_Dolphin,Stenella,Delphinidae,27,60600,0.9110891089108911,55212,58011011.wav
train,847,Humpback_Whale,Megaptera,Balaenopteridae,12,14900,9.365369127516779,139544,6301901B.wav
train,848,White-beaked_Dolphin,Lagenorhynchus,Delphinidae,30,60600,2.024257425742574,122670,7200500U.wav
train,849,Spinner_Dolphin,Stenella,Delphinidae,26,81920,1.89061279296875,154879,7100300H.wav
train,850,Rough-Toothed_Dolphin,Steno,Delphinidae,22,81920,1.67811279296875,137471,8501300J.wav
train,851,Long-Finned_Pilot_Whale,Globicephala,Delphinidae,15,81920,1.040625,85248,7702800V.wav
train,852,Spinner_Dolphin,Stenella,Delphinidae,26,80000,1.036225,82898,7100101O.wav
train,853,Bowhead_Whale,Balaena,Balaenidae,4,10000,4.9446,49446,8800600F.wav
train,854,Humpback_Whale,Megaptera,Balaenopteridae,12,10240,1.6681640625,17082,8002001M.wav
train,855,Frasers_Dolphin,Lagenodelphis,Delphinidae,9,81920,1.00576171875,82392,9101301F.wav
train,856,Melon_Headed_Whale,Peponocephala,Delphinidae,16,81920,0.94530029296875,77439,91012006.wav
train,857,Spinner_Dolphin,Stenella,Delphinidae,26,81920,1.89061279296875,154879,7100300E.wav
train,858,White-sided_Dolphin,Lagenorhynchus,Delphinidae,31,166600,2.1648979591836737,360672,75001021.wav
train,859,Striped_Dolphin,Stenella,Delphinidae,27,60600,0.8224752475247524,49842,58011007.wav
train,860,Narwhal,Monodon,Monodontidae,18,81920,1.41796875,116160,75014006.wav
train,861,Killer_Whale,Orcinus,Delphinidae,13,21900,3.4506392694063925,75569,9230000L.wav
train,862,Striped_Dolphin,Stenella,Delphinidae,27,81600,2.598235294117647,212016,7500301H.wav
train,863,Bowhead_Whale,Balaena,Balaenidae,4,10000,7.1124,71124,88006036.wav
train,864,White-beaked_Dolphin,Lagenorhynchus,Delphinidae,30,80000,1.879475,150358,7001400Y.wav
train,865,Sperm_Whale,Physeter,Physeteridae,25,81920,2.559375,209664,85004004.wav
train,866,Killer_Whale,Orcinus,Delphinidae,13,21900,11.367625570776255,248951,9750300N.wav
train,867,White-sided_Dolphin,Lagenorhynchus,Delphinidae,31,148100,2.217380148548278,328394,7800703Q.wav
train,868,Frasers_Dolphin,Lagenodelphis,Delphinidae,9,81920,3.78123779296875,309759,9101300H.wav
train,869,Bearded_Seal,Erignathus,Phocidae,1,10240,2.8359375,29040,7202100T.wav
train,870,"Grampus,_Rissos_Dolphin",Grampus,Delphinidae,10,81920,0.35625,29184,8500900N.wav
train,871,Striped_Dolphin,Stenella,Delphinidae,27,166600,1.1599939975990397,193255,72007038.wav
train,872,Northern_Right_Whale,Eubalaena,Balaenidae,19,10200,1.180686274509804,12043,56017010.wav
train,873,Atlantic_Spotted_Dolphin,Stenella,Delphinidae,0,43900,1.763986332574032,77439,61025004.wav
train,874,Sperm_Whale,Physeter,Physeteridae,25,44100,1260.0,55566000,8401600B.wav
train,875,Short-Finned_Pacific_Pilot_Whale,Globicephala,Delphinidae,23,30000,1.8537666666666666,55613,5702100E.wav
train,876,Common_Dolphin,Delphinus,Delphinidae,6,81600,2.2903186274509806,186890,7500304G.wav
train,877,Rough-Toothed_Dolphin,Steno,Delphinidae,22,81920,1.28123779296875,104959,8501300X.wav
train,878,Frasers_Dolphin,Lagenodelphis,Delphinidae,9,81920,3.78123779296875,309759,9101300D.wav
train,879,Killer_Whale,Orcinus,Delphinidae,13,21900,5.098173515981735,111650,9750300V.wav
train,880,Short-Finned_Pacific_Pilot_Whale,Globicephala,Delphinidae,23,80000,0.8386,67088,9100503P.wav
train,881,"Grampus,_Rissos_Dolphin",Grampus,Delphinidae,10,81920,0.459375,37632,8700400E.wav
train,882,Frasers_Dolphin,Lagenodelphis,Delphinidae,9,81920,1.03828125,85056,91010010.wav
train,883,Striped_Dolphin,Stenella,Delphinidae,27,60600,0.5159570957095709,31267,5801101N.wav
train,884,Bottlenose_Dolphin,Tursiops,Delphinidae,3,81920,1.303125,106752,89514013.wav
train,885,Pantropical_Spotted_Dolphin,Stenella,Delphinidae,20,55500,1.93790990990991,107554,64005015.wav
train,886,Melon_Headed_Whale,Peponocephala,Delphinidae,16,60600,27.69108910891089,1678080,9101204I.wav
train,887,Bowhead_Whale,Balaena,Balaenidae,4,10000,5.0652,50652,8800600K.wav
train,888,Humpback_Whale,Megaptera,Balaenopteridae,12,14900,625.5406040268456,9320555,63019016.wav
train,889,Bearded_Seal,Erignathus,Phocidae,1,20480,2.8359375,58080,70025004.wav
train,890,Humpback_Whale,Megaptera,Balaenopteridae,12,14900,15.841140939597315,236033,9220100B.wav
train,891,Striped_Dolphin,Stenella,Delphinidae,27,81600,2.3126470588235293,188712,8500701I.wav
train,892,Melon_Headed_Whale,Peponocephala,Delphinidae,16,60600,11.078547854785478,671360,9101204H.wav
train,893,"Beluga,_White_Whale",Delphinapterus,Monodontidae,2,16000,3.8974375,62359,62026006.wav
train,894,Long-Finned_Pilot_Whale,Globicephala,Delphinidae,15,80000,4.7481,379848,75005032.wav
train,895,Spinner_Dolphin,Stenella,Delphinidae,26,80000,1.357675,108614,7101001D.wav
train,896,False_Killer_Whale,Pseudorca,Delphinidae,7,80000,1.44595,115676,95003006.wav
train,897,White-sided_Dolphin,Lagenorhynchus,Delphinidae,31,166600,2.3831452581032413,397032,7500103V.wav
train,898,Atlantic_Spotted_Dolphin,Stenella,Delphinidae,0,80000,1.2549,100392,6102602V.wav
train,899,Spinner_Dolphin,Stenella,Delphinidae,26,80000,1.69865,135892,71004018.wav
train,900,"Fin,_Finback_Whale",Balaenoptera,Balaenopteridae,8,600,35.155,21093,61079009.wav
train,901,Sperm_Whale,Physeter,Physeteridae,25,81920,2.765625,226560,85004006.wav
train,902,Common_Dolphin,Delphinus,Delphinidae,6,43900,0.7644191343963553,33558,5801404D.wav
train,903,Melon_Headed_Whale,Peponocephala,Delphinidae,16,81920,1.89061279296875,154879,9101200I.wav
train,904,Sperm_Whale,Physeter,Physeteridae,25,81920,2.8265625,231552,85005006.wav
train,905,Harp_Seal,Pagophilus,Phocidae,11,10240,1.41796875,14520,6700900E.wav
train,906,Bearded_Seal,Erignathus,Phocidae,1,10240,45.3,463872,78018002.wav
train,907,White-beaked_Dolphin,Lagenorhynchus,Delphinidae,30,60600,2.907871287128713,176217,7200500P.wav
train,908,Narwhal,Monodon,Monodontidae,18,81920,1.41796875,116160,7501400W.wav
train,909,Frasers_Dolphin,Lagenodelphis,Delphinidae,9,81920,0.67701416015625,55461,9101301B.wav
train,910,Narwhal,Monodon,Monodontidae,18,81920,1.41796875,116160,7501400Q.wav
train,911,Clymene_Dolphin,Stenella,Delphinidae,5,81920,0.80711669921875,66119,8300604C.wav
train,912,"Beluga,_White_Whale",Delphinapterus,Monodontidae,2,30000,2.3434333333333335,70303,63015003.wav
train,913,Spinner_Dolphin,Stenella,Delphinidae,26,80000,1.111475,88918,7100700O.wav
train,914,Clymene_Dolphin,Stenella,Delphinidae,5,166600,3.2278991596638655,537768,8300603C.wav
train,915,Spinner_Dolphin,Stenella,Delphinidae,26,80000,1.6857625,134861,7100801K.wav
train,916,"Fin,_Finback_Whale",Balaenoptera,Balaenopteridae,8,600,66.98333333333333,40190,6107900F.wav
train,917,Striped_Dolphin,Stenella,Delphinidae,27,81600,2.0099019607843136,164008,75003002.wav
train,918,False_Killer_Whale,Pseudorca,Delphinidae,7,81920,1.09373779296875,89599,6102300I.wav
train,919,Clymene_Dolphin,Stenella,Delphinidae,5,41600,1.4475240384615384,60217,83006022.wav
train,920,False_Killer_Whale,Pseudorca,Delphinidae,7,81920,0.85078125,69696,6102100Q.wav
train,921,Frasers_Dolphin,Lagenodelphis,Delphinidae,9,81920,3.78123779296875,309759,9101300B.wav
train,922,White-sided_Dolphin,Lagenorhynchus,Delphinidae,31,80000,1.8084,144672,6107201H.wav
train,923,Melon_Headed_Whale,Peponocephala,Delphinidae,16,81920,0.065625,5376,91012045.wav
train,924,Ross_Seal,Ommatophoca,Phocidae,21,20000,3.37995,67599,6608500P.wav
train,925,Frasers_Dolphin,Lagenodelphis,Delphinidae,9,81920,1.89061279296875,154879,91013002.wav
train,926,Minke_Whale,Balaenoptera,Balaenopteridae,17,1280,1.41796875,1815,64103005.wav
train,927,Spinner_Dolphin,Stenella,Delphinidae,26,80000,1.1034,88272,7100801J.wav
train,928,"Fin,_Finback_Whale",Balaenoptera,Balaenopteridae,8,600,83.93333333333334,50360,6106400L.wav
train,929,Frasers_Dolphin,Lagenodelphis,Delphinidae,9,60600,14.374653465346535,871104,91010027.wav
train,930,False_Killer_Whale,Pseudorca,Delphinidae,7,81920,0.3140625,25728,6102100Y.wav
train,931,Harp_Seal,Pagophilus,Phocidae,11,10240,0.646875,6624,6700900T.wav
train,932,Melon_Headed_Whale,Peponocephala,Delphinidae,16,81920,0.94530029296875,77439,91012007.wav
train,933,Walrus,Odobenus,Odobenidae,28,20000,6.7164,134328,7200200F.wav
train,934,Clymene_Dolphin,Stenella,Delphinidae,5,166600,2.886374549819928,480870,8300603S.wav
train,935,Clymene_Dolphin,Stenella,Delphinidae,5,81920,1.41796875,116160,8300600A.wav
train,936,Northern_Right_Whale,Eubalaena,Balaenidae,19,10200,2.6947058823529413,27486,5602600A.wav
train,937,Sperm_Whale,Physeter,Physeteridae,25,40960,1.706103515625,69882,87017003.wav
train,938,Humpback_Whale,Megaptera,Balaenopteridae,12,14900,29.59268456375839,440931,92201001.wav
train,939,"Grampus,_Rissos_Dolphin",Grampus,Delphinidae,10,81920,1.31561279296875,107775,59029014.wav
train,940,Bowhead_Whale,Balaena,Balaenidae,4,10000,4.1268,41268,88006030.wav
train,941,Short-Finned_Pacific_Pilot_Whale,Globicephala,Delphinidae,23,40000,0.83605,33442,9100501S.wav
train,942,Atlantic_Spotted_Dolphin,Stenella,Delphinidae,0,80000,1.6074,128592,6102603C.wav
train,943,Killer_Whale,Orcinus,Delphinidae,13,21900,2.177077625570776,47678,97619015.wav
train,944,"Grampus,_Rissos_Dolphin",Grampus,Delphinidae,10,40960,35.625,1459200,85009001.wav
train,945,Pantropical_Spotted_Dolphin,Stenella,Delphinidae,20,60600,1.3843894389438944,83894,9005807O.wav
train,946,False_Killer_Whale,Pseudorca,Delphinidae,7,81920,0.61640625,50496,6102101T.wav
train,947,Rough-Toothed_Dolphin,Steno,Delphinidae,22,81920,1.89061279296875,154879,85013002.wav
train,948,Striped_Dolphin,Stenella,Delphinidae,27,60600,1.8363036303630362,111280,5801100P.wav
train,949,White-sided_Dolphin,Lagenorhynchus,Delphinidae,31,80000,1.6166,129328,6107201N.wav
train,950,Bearded_Seal,Erignathus,Phocidae,1,18000,8.174777777777777,147146,66038004.wav
train,951,Ross_Seal,Ommatophoca,Phocidae,21,20000,3.35965,67193,6608500B.wav
train,952,Harp_Seal,Pagophilus,Phocidae,11,10240,4.246875,43488,6700900S.wav
train,953,Bearded_Seal,Erignathus,Phocidae,1,10240,1.9921875,20400,70025009.wav
train,954,Narwhal,Monodon,Monodontidae,18,81920,1.41796875,116160,68002006.wav
train,955,"Beluga,_White_Whale",Delphinapterus,Monodontidae,2,80000,3.3323125,266585,6202200E.wav
train,956,Frasers_Dolphin,Lagenodelphis,Delphinidae,9,81920,3.71873779296875,304639,9101001L.wav
train,957,Sperm_Whale,Physeter,Physeteridae,25,81920,2.559375,209664,85004003.wav
train,958,False_Killer_Whale,Pseudorca,Delphinidae,7,81920,1.08515625,88896,6102300X.wav
train,959,Frasers_Dolphin,Lagenodelphis,Delphinidae,9,81920,3.78123779296875,309759,9101300N.wav
train,960,Sperm_Whale,Physeter,Physeteridae,25,81600,28.627095588235296,2335971,8800201M.wav
train,961,Bowhead_Whale,Balaena,Balaenidae,4,10000,3.576,35760,8800600S.wav
train,962,Bowhead_Whale,Balaena,Balaenidae,4,10240,2.7515625,28176,7801800B.wav
train,963,Harp_Seal,Pagophilus,Phocidae,11,10240,0.64453125,6600,6700900W.wav
train,964,Clymene_Dolphin,Stenella,Delphinidae,5,81920,1.41796875,116160,8300600C.wav
train,965,Ross_Seal,Ommatophoca,Phocidae,21,20000,2.8623,57246,6608500G.wav
train,966,Minke_Whale,Balaenoptera,Balaenopteridae,17,1280,0.94453125,1209,64104001.wav
train,967,"Beluga,_White_Whale",Delphinapterus,Monodontidae,2,20000,2.1258,42516,62026001.wav
train,968,Northern_Right_Whale,Eubalaena,Balaenidae,19,14900,3.0024832214765103,44737,81014034.wav
train,969,Harp_Seal,Pagophilus,Phocidae,11,10240,2.1703125,22224,6700900N.wav
train,970,Frasers_Dolphin,Lagenodelphis,Delphinidae,9,81920,3.78123779296875,309759,9101300U.wav
train,971,"Grampus,_Rissos_Dolphin",Grampus,Delphinidae,10,81920,0.525,43008,85009008.wav
train,972,Walrus,Odobenus,Odobenidae,28,10240,1.33125,13632,72014001.wav
train,973,Northern_Right_Whale,Eubalaena,Balaenidae,19,5120,1.5,7680,74003002.wav
train,974,"Beluga,_White_Whale",Delphinapterus,Monodontidae,2,16000,2.7570625,44113,62026007.wav
train,975,Southern_Right_Whale,Eubalaena,Balaenidae,24,5120,2.0578125,10536,8300200A.wav
train,976,Narwhal,Monodon,Monodontidae,18,81920,1.41796875,116160,6800200A.wav
train,977,"Grampus,_Rissos_Dolphin",Grampus,Delphinidae,10,81920,1.84061279296875,150783,5903001Z.wav
train,978,"Fin,_Finback_Whale",Balaenoptera,Balaenopteridae,8,600,69.635,41781,61064006.wav
train,979,Clymene_Dolphin,Stenella,Delphinidae,5,81920,2.1984375,180096,83006002.wav
train,980,Rough-Toothed_Dolphin,Steno,Delphinidae,22,81920,1.09373779296875,89599,8501400T.wav
train,981,Humpback_Whale,Megaptera,Balaenopteridae,12,14900,15.449798657718121,230202,6304300O.wav
train,982,Striped_Dolphin,Stenella,Delphinidae,27,81600,2.128063725490196,173650,7500300P.wav
train,983,Frasers_Dolphin,Lagenodelphis,Delphinidae,9,81920,3.48748779296875,285695,9101001H.wav
train,984,Common_Dolphin,Delphinus,Delphinidae,6,43900,1.08624145785877,47686,5801400J.wav
train,985,Atlantic_Spotted_Dolphin,Stenella,Delphinidae,0,80000,1.670825,133666,6102604K.wav
train,986,Pantropical_Spotted_Dolphin,Stenella,Delphinidae,20,148100,15.004733288318704,2222201,94008060.wav
train,987,Ross_Seal,Ommatophoca,Phocidae,21,30000,3.9959666666666664,119879,66034002.wav
train,988,Rough-Toothed_Dolphin,Steno,Delphinidae,22,81920,1.72811279296875,141567,8501300P.wav
train,989,"Fin,_Finback_Whale",Balaenoptera,Balaenopteridae,8,640,24.0,15360,7801400A.wav
train,990,Long-Finned_Pilot_Whale,Globicephala,Delphinidae,15,81920,1.1109375,91008,77028009.wav
train,991,Sperm_Whale,Physeter,Physeteridae,25,40960,1.4203125,58176,87017001.wav
train,992,Pantropical_Spotted_Dolphin,Stenella,Delphinidae,20,80000,0.7107,56856,94006003.wav
train,993,Narwhal,Monodon,Monodontidae,18,81920,1.41796875,116160,75014009.wav
train,994,Common_Dolphin,Delphinus,Delphinidae,6,81600,2.271691176470588,185370,7500303Q.wav
train,995,Killer_Whale,Orcinus,Delphinidae,13,21900,2.735342465753425,59904,9750301L.wav
train,996,"Fin,_Finback_Whale",Balaenoptera,Balaenopteridae,8,600,86.615,51969,6107900M.wav
train,997,"Grampus,_Rissos_Dolphin",Grampus,Delphinidae,10,40960,35.625,1459200,85009002.wav
train,998,Leopard_Seal,Hydrurga,Phocidae,14,5000,5.4742,27371,6608400I.wav
train,999,Sperm_Whale,Physeter,Physeteridae,25,44100,1162.0982993197279,51248535,7200900P.wav
train,1000,False_Killer_Whale,Pseudorca,Delphinidae,7,81920,0.68671875,56256,6102300S.wav
train,1001,Walrus,Odobenus,Odobenidae,28,20000,3.3232,66464,7200200G.wav
train,1002,Pantropical_Spotted_Dolphin,Stenella,Delphinidae,20,55500,3.1083783783783785,172515,6400501D.wav
train,1003,Southern_Right_Whale,Eubalaena,Balaenidae,24,5120,1.41796875,7260,83002004.wav
train,1004,Frasers_Dolphin,Lagenodelphis,Delphinidae,9,60600,17.264422442244225,1046224,91010026.wav
train,1005,Southern_Right_Whale,Eubalaena,Balaenidae,24,5120,1.865625,9552,83002009.wav
train,1006,False_Killer_Whale,Pseudorca,Delphinidae,7,80000,1.6021625,128173,95003005.wav
train,1007,Southern_Right_Whale,Eubalaena,Balaenidae,24,5120,1.41796875,7260,83002001.wav
train,1008,"Fin,_Finback_Whale",Balaenoptera,Balaenopteridae,8,600,31.58,18948,61079006.wav
train,1009,Long-Finned_Pilot_Whale,Globicephala,Delphinidae,15,80000,2.035,162800,7500502V.wav
train,1010,Spinner_Dolphin,Stenella,Delphinidae,26,80000,1.5607125,124857,7100401I.wav
train,1011,Killer_Whale,Orcinus,Delphinidae,13,21900,14.24945205479452,312063,89405023.wav
train,1012,White-beaked_Dolphin,Lagenorhynchus,Delphinidae,30,60600,2.6025577557755777,157715,72005004.wav
train,1013,Bowhead_Whale,Balaena,Balaenidae,4,10000,4.0035,40035,88006031.wav
train,1014,Narwhal,Monodon,Monodontidae,18,81920,1.41796875,116160,75014003.wav
train,1015,Pantropical_Spotted_Dolphin,Stenella,Delphinidae,20,55500,3.2643243243243245,181170,6400501A.wav
train,1016,Striped_Dolphin,Stenella,Delphinidae,27,81600,1.1837254901960785,96592,75003010.wav
train,1017,Sperm_Whale,Physeter,Physeteridae,25,40960,3.0,122880,87017002.wav
train,1018,Northern_Right_Whale,Eubalaena,Balaenidae,19,14900,2.2230872483221478,33124,59004005.wav
train,1019,Ross_Seal,Ommatophoca,Phocidae,21,20000,5.65065,113013,6608900H.wav
train,1020,Walrus,Odobenus,Odobenidae,28,20000,9.313,186260,7200200B.wav
train,1021,Harp_Seal,Pagophilus,Phocidae,11,10240,1.1390625,11664,67009007.wav
train,1022,"Grampus,_Rissos_Dolphin",Grampus,Delphinidae,10,81920,0.46248779296875,37887,59029010.wav
train,1023,Clymene_Dolphin,Stenella,Delphinidae,5,166600,2.0458823529411765,340844,8300600N.wav
train,1024,Striped_Dolphin,Stenella,Delphinidae,27,166600,1.928451380552221,321280,72007035.wav
train,1025,Common_Dolphin,Delphinus,Delphinidae,6,43900,0.6088382687927107,26728,58014014.wav
train,1026,False_Killer_Whale,Pseudorca,Delphinidae,7,81920,0.54140625,44352,6102301B.wav
train,1027,Spinner_Dolphin,Stenella,Delphinidae,26,80000,2.2476,179808,7100801F.wav
train,1028,Sperm_Whale,Physeter,Physeteridae,25,81920,2.83125,231936,85004002.wav
train,1029,Killer_Whale,Orcinus,Delphinidae,13,21900,4.573835616438356,100167,9750400V.wav
train,1030,Sperm_Whale,Physeter,Physeteridae,25,81920,17.8125,1459200,91003001.wav
train,1031,White-beaked_Dolphin,Lagenorhynchus,Delphinidae,30,60600,2.808085808580858,170170,5903700L.wav
train,1032,Pantropical_Spotted_Dolphin,Stenella,Delphinidae,20,80000,0.6034625,48277,9400807X.wav
train,1033,Spinner_Dolphin,Stenella,Delphinidae,26,80000,1.320925,105674,71001036.wav
train,1034,Short-Finned_Pacific_Pilot_Whale,Globicephala,Delphinidae,23,40000,43.962325,1758493,84016002.wav
train,1035,Striped_Dolphin,Stenella,Delphinidae,27,81600,1.9796078431372548,161536,7500301O.wav
train,1036,Pantropical_Spotted_Dolphin,Stenella,Delphinidae,20,80000,0.8333125,66665,9400801H.wav
train,1037,Ross_Seal,Ommatophoca,Phocidae,21,20000,2.6796,53592,6608500A.wav
train,1038,Atlantic_Spotted_Dolphin,Stenella,Delphinidae,0,43900,2.646013667425968,116160,61025009.wav
train,1039,Melon_Headed_Whale,Peponocephala,Delphinidae,16,81920,0.06617431640625,5421,9101203X.wav
train,1040,Melon_Headed_Whale,Peponocephala,Delphinidae,16,60600,16.404356435643564,994104,9101204Q.wav
train,1041,Common_Dolphin,Delphinus,Delphinidae,6,43900,1.0287699316628702,45163,5801403O.wav
train,1042,Pantropical_Spotted_Dolphin,Stenella,Delphinidae,20,80000,1.2586875,100695,9400801R.wav
train,1043,"Beluga,_White_Whale",Delphinapterus,Monodontidae,2,40000,2.5571,102284,62018002.wav
train,1044,Clymene_Dolphin,Stenella,Delphinidae,5,166600,1.9759903961584633,329200,8300604I.wav
train,1045,Spinner_Dolphin,Stenella,Delphinidae,26,80000,1.4662,117296,7100103C.wav
train,1046,Spinner_Dolphin,Stenella,Delphinidae,26,80000,1.145,91600,7100100Z.wav
train,1047,Striped_Dolphin,Stenella,Delphinidae,27,81600,1.670294117647059,136296,75003022.wav
train,1048,"Grampus,_Rissos_Dolphin",Grampus,Delphinidae,10,81920,0.3421875,28032,8500900A.wav
train,1049,Melon_Headed_Whale,Peponocephala,Delphinidae,16,81920,1.13096923828125,92649,9101200B.wav
train,1050,Bearded_Seal,Erignathus,Phocidae,1,5120,0.75,3840,71012004.wav
train,1051,Frasers_Dolphin,Lagenodelphis,Delphinidae,9,81920,1.89061279296875,154879,91013005.wav
train,1052,False_Killer_Whale,Pseudorca,Delphinidae,7,81920,0.92186279296875,75519,61023009.wav
train,1053,Northern_Right_Whale,Eubalaena,Balaenidae,19,10000,2.108,21080,5900300G.wav
train,1054,White-sided_Dolphin,Lagenorhynchus,Delphinidae,31,81920,0.7308837890625,59874,79006018.wav
train,1055,Spinner_Dolphin,Stenella,Delphinidae,26,80000,1.149125,91930,71001035.wav
train,1056,White-sided_Dolphin,Lagenorhynchus,Delphinidae,31,80000,2.35875,188700,6107200K.wav
train,1057,Bowhead_Whale,Balaena,Balaenidae,4,10240,142.5,1459200,72021005.wav
train,1058,Atlantic_Spotted_Dolphin,Stenella,Delphinidae,0,80000,1.1421,91368,6102602W.wav
train,1059,Spinner_Dolphin,Stenella,Delphinidae,26,80000,1.648325,131866,7100801I.wav
train,1060,Frasers_Dolphin,Lagenodelphis,Delphinidae,9,81920,1.89061279296875,154879,9101001M.wav
train,1061,Common_Dolphin,Delphinus,Delphinidae,6,43900,0.5235535307517084,22984,58014015.wav
train,1062,Long-Finned_Pilot_Whale,Globicephala,Delphinidae,15,80000,1.7094,136752,7500502S.wav
train,1063,Short-Finned_Pacific_Pilot_Whale,Globicephala,Delphinidae,23,40000,0.6768,27072,91005039.wav
train,1064,Clymene_Dolphin,Stenella,Delphinidae,5,43900,2.0363097949886106,89394,8300604Q.wav
train,1065,Humpback_Whale,Megaptera,Balaenopteridae,12,14900,67.09261744966443,999680,9220100X.wav
train,1066,White-sided_Dolphin,Lagenorhynchus,Delphinidae,31,80000,2.2615875,180927,61072004.wav
train,1067,Sperm_Whale,Physeter,Physeteridae,25,81920,0.94530029296875,77439,91012009.wav
train,1068,"Beluga,_White_Whale",Delphinapterus,Monodontidae,2,30000,4.326466666666667,129794,63015001.wav
train,1069,Striped_Dolphin,Stenella,Delphinidae,27,81600,0.46372549019607845,37840,7500305Y.wav
train,1070,Clymene_Dolphin,Stenella,Delphinidae,5,166600,2.318607442977191,386280,8303501L.wav
train,1071,Bowhead_Whale,Balaena,Balaenidae,4,10000,4.3848,43848,8800602U.wav
train,1072,Harp_Seal,Pagophilus,Phocidae,11,10240,2.8359375,29040,67010008.wav
train,1073,Sperm_Whale,Physeter,Physeteridae,25,40960,1.41796875,58080,72009004.wav
train,1074,Sperm_Whale,Physeter,Physeteridae,25,81920,1.41796875,116160,62031001.wav
train,1075,Walrus,Odobenus,Odobenidae,28,10240,1.04296875,10680,72014006.wav
train,1076,Frasers_Dolphin,Lagenodelphis,Delphinidae,9,81920,1.5,122880,91013014.wav
train,1077,Pantropical_Spotted_Dolphin,Stenella,Delphinidae,20,55500,2.7996036036036034,155378,64005016.wav
train,1078,Rough-Toothed_Dolphin,Steno,Delphinidae,22,81920,0.90311279296875,73983,85014003.wav
train,1079,"Grampus,_Rissos_Dolphin",Grampus,Delphinidae,10,30000,4.9974,149922,59030004.wav
train,1080,White-beaked_Dolphin,Lagenorhynchus,Delphinidae,30,80000,2.705125,216410,7001300B.wav
train,1081,"Beluga,_White_Whale",Delphinapterus,Monodontidae,2,30000,3.0044666666666666,90134,63015004.wav
train,1082,Humpback_Whale,Megaptera,Balaenopteridae,12,14900,2.6948993288590604,40154,9220100F.wav
train,1083,Ross_Seal,Ommatophoca,Phocidae,21,20000,2.6068,52136,6608400A.wav
train,1084,Long-Finned_Pilot_Whale,Globicephala,Delphinidae,15,81920,2.5171875,206208,77034002.wav
train,1085,Ross_Seal,Ommatophoca,Phocidae,21,30000,3.7481,112443,66034004.wav
train,1086,Melon_Headed_Whale,Peponocephala,Delphinidae,16,81920,0.25130615234375,20587,9101203N.wav
train,1087,"Beluga,_White_Whale",Delphinapterus,Monodontidae,2,20000,5.8701,117402,62026003.wav
train,1088,Ross_Seal,Ommatophoca,Phocidae,21,20000,4.2224,84448,6608500O.wav
train,1089,Pantropical_Spotted_Dolphin,Stenella,Delphinidae,20,60600,0.8207590759075908,49738,9004401Y.wav
train,1090,Atlantic_Spotted_Dolphin,Stenella,Delphinidae,0,80000,1.2408,99264,6102602I.wav
train,1091,Pantropical_Spotted_Dolphin,Stenella,Delphinidae,20,60600,0.9896039603960396,59970,9004401X.wav
train,1092,Northern_Right_Whale,Eubalaena,Balaenidae,19,10200,2.7754901960784313,28310,5601700O.wav
train,1093,Leopard_Seal,Hydrurga,Phocidae,14,5000,2.4016,12008,6608400P.wav
train,1094,Long-Finned_Pilot_Whale,Globicephala,Delphinidae,15,60600,69.98128712871286,4240866,5402400B.wav
train,1095,Spinner_Dolphin,Stenella,Delphinidae,26,81920,1.89061279296875,154879,7100300K.wav
train,1096,White-beaked_Dolphin,Lagenorhynchus,Delphinidae,30,60600,9.623630363036304,583192,59037007.wav
train,1097,Melon_Headed_Whale,Peponocephala,Delphinidae,16,60600,8.021930693069306,486129,9101204N.wav
train,1098,"Fin,_Finback_Whale",Balaenoptera,Balaenopteridae,8,640,24.0,15360,78014006.wav
train,1099,Melon_Headed_Whale,Peponocephala,Delphinidae,16,81920,0.12445068359375,10195,9101202U.wav
train,1100,Long-Finned_Pilot_Whale,Globicephala,Delphinidae,15,60600,42.449389438943896,2572433,5402400C.wav
train,1101,White-beaked_Dolphin,Lagenorhynchus,Delphinidae,30,60600,2.2443894389438945,136010,7200500W.wav
train,1102,Long-Finned_Pilot_Whale,Globicephala,Delphinidae,15,30000,4.3265,129795,54024002.wav
train,1103,Atlantic_Spotted_Dolphin,Stenella,Delphinidae,0,60600,1.5207920792079208,92160,6102500C.wav
train,1104,Northern_Right_Whale,Eubalaena,Balaenidae,19,8000,2.243625,17949,56018004.wav
train,1105,"Beluga,_White_Whale",Delphinapterus,Monodontidae,2,81920,1.41796875,116160,6503300C.wav
train,1106,"Grampus,_Rissos_Dolphin",Grampus,Delphinidae,10,81920,1.4109375,115584,5903002N.wav
train,1107,Spinner_Dolphin,Stenella,Delphinidae,26,80000,1.0992,87936,7100100N.wav
train,1108,"Grampus,_Rissos_Dolphin",Grampus,Delphinidae,10,30000,5.2178,156534,5903000C.wav
train,1109,Spinner_Dolphin,Stenella,Delphinidae,26,80000,1.3477875,107823,7100401H.wav
train,1110,Clymene_Dolphin,Stenella,Delphinidae,5,81920,2.8359375,232320,83006008.wav
train,1111,Pantropical_Spotted_Dolphin,Stenella,Delphinidae,20,60600,0.788976897689769,47812,9004401Z.wav
train,1112,"Grampus,_Rissos_Dolphin",Grampus,Delphinidae,10,81920,1.67498779296875,137215,5903000Z.wav
train,1113,Harp_Seal,Pagophilus,Phocidae,11,10240,1.30078125,13320,67010007.wav
train,1114,Common_Dolphin,Delphinus,Delphinidae,6,81600,2.685919117647059,219171,7500304F.wav
train,1115,Common_Dolphin,Delphinus,Delphinidae,6,81600,0.7865686274509804,64184,75003057.wav
train,1116,Humpback_Whale,Megaptera,Balaenopteridae,12,14900,12.885906040268456,192000,63019012.wav
train,1117,Striped_Dolphin,Stenella,Delphinidae,27,166600,0.9795918367346939,163200,7200703B.wav
train,1118,Northern_Right_Whale,Eubalaena,Balaenidae,19,10200,2.851372549019608,29084,56026007.wav
train,1119,"Grampus,_Rissos_Dolphin",Grampus,Delphinidae,10,81920,0.47498779296875,38911,5902900J.wav
train,1120,Rough-Toothed_Dolphin,Steno,Delphinidae,22,81920,1.44061279296875,118015,8501301C.wav
train,1121,Rough-Toothed_Dolphin,Steno,Delphinidae,22,81920,1.89061279296875,154879,85013009.wav
train,1122,Bearded_Seal,Erignathus,Phocidae,1,10240,11.30625,115776,7801800M.wav
train,1123,Common_Dolphin,Delphinus,Delphinidae,6,81600,1.3737254901960785,112096,75003058.wav
train,1124,Long-Finned_Pilot_Whale,Globicephala,Delphinidae,15,81920,0.09998779296875,8191,7702801M.wav
train,1125,Short-Finned_Pacific_Pilot_Whale,Globicephala,Delphinidae,23,30000,2.012966666666667,60389,57021003.wav
train,1126,Sperm_Whale,Physeter,Physeteridae,25,81920,17.8125,1459200,8301900C.wav
train,1127,"Grampus,_Rissos_Dolphin",Grampus,Delphinidae,10,30000,4.6569666666666665,139709,85009006.wav
train,1128,Striped_Dolphin,Stenella,Delphinidae,27,60600,0.7980858085808581,48364,5801100R.wav
train,1129,Southern_Right_Whale,Eubalaena,Balaenidae,24,5120,1.41796875,7260,83002002.wav
train,1130,Walrus,Odobenus,Odobenidae,28,40960,5.8124755859375,238079,7202000A.wav
train,1131,False_Killer_Whale,Pseudorca,Delphinidae,7,80000,1.20675,96540,95003001.wav
train,1132,Common_Dolphin,Delphinus,Delphinidae,6,60600,53.04818481848185,3214720,5801404S.wav
train,1133,Striped_Dolphin,Stenella,Delphinidae,27,60600,1.2227722772277227,74100,5801100N.wav
train,1134,Pantropical_Spotted_Dolphin,Stenella,Delphinidae,20,60600,1.0043894389438943,60866,9004401U.wav
train,1135,White-sided_Dolphin,Lagenorhynchus,Delphinidae,31,80000,1.4337375,114699,61072022.wav
train,1136,"Fin,_Finback_Whale",Balaenoptera,Balaenopteridae,8,600,75.92,45552,6107900N.wav
train,1137,"Fin,_Finback_Whale",Balaenoptera,Balaenopteridae,8,600,25.005,15003,6107900L.wav
train,1138,False_Killer_Whale,Pseudorca,Delphinidae,7,30000,4.005933333333333,120178,61023001.wav
train,1139,Pantropical_Spotted_Dolphin,Stenella,Delphinidae,20,81920,1.41796875,116160,90028008.wav
train,1140,Pantropical_Spotted_Dolphin,Stenella,Delphinidae,20,80000,1.011375,80910,9400807S.wav
train,1141,White-beaked_Dolphin,Lagenorhynchus,Delphinidae,30,60600,5.960759075907591,361222,59037008.wav
train,1142,White-beaked_Dolphin,Lagenorhynchus,Delphinidae,30,60600,6.218069306930693,376815,59037013.wav
train,1143,Northern_Right_Whale,Eubalaena,Balaenidae,19,14900,2.7256375838926172,40612,81013007.wav
train,1144,Short-Finned_Pacific_Pilot_Whale,Globicephala,Delphinidae,23,30000,1.6571666666666667,49715,57021008.wav
train,1145,Narwhal,Monodon,Monodontidae,18,81920,1.41796875,116160,7501400M.wav
train,1146,Rough-Toothed_Dolphin,Steno,Delphinidae,22,81920,1.14686279296875,93951,8501400Y.wav
train,1147,Short-Finned_Pacific_Pilot_Whale,Globicephala,Delphinidae,23,40000,1.183875,47355,9100502F.wav
train,1148,Humpback_Whale,Megaptera,Balaenopteridae,12,5120,2.75625,14112,63019004.wav
train,1149,Humpback_Whale,Megaptera,Balaenopteridae,12,14900,114.04429530201342,1699260,6301901H.wav
train,1150,Killer_Whale,Orcinus,Delphinidae,13,21900,3.722191780821918,81516,92301007.wav
train,1151,Common_Dolphin,Delphinus,Delphinidae,6,81600,2.802843137254902,228712,75003053.wav
train,1152,White-sided_Dolphin,Lagenorhynchus,Delphinidae,31,80000,2.5781,206248,61072013.wav
train,1153,"Grampus,_Rissos_Dolphin",Grampus,Delphinidae,10,81920,0.33515625,27456,8500900Q.wav
train,1154,Ross_Seal,Ommatophoca,Phocidae,21,20000,2.5382,50764,6608400E.wav
train,1155,Bowhead_Whale,Balaena,Balaenidae,4,10000,5.6304,56304,88006017.wav
train,1156,"Beluga,_White_Whale",Delphinapterus,Monodontidae,2,40000,0.64085,25634,6503000I.wav
train,1157,Narwhal,Monodon,Monodontidae,18,81920,1.41796875,116160,7501400R.wav
train,1158,Short-Finned_Pacific_Pilot_Whale,Globicephala,Delphinidae,23,30000,1.6490666666666667,49472,5702100H.wav
train,1159,Clymene_Dolphin,Stenella,Delphinidae,5,166600,2.8169747899159665,469308,8300601R.wav
train,1160,"Grampus,_Rissos_Dolphin",Grampus,Delphinidae,10,81920,0.54609375,44736,85009007.wav
train,1161,"Fin,_Finback_Whale",Balaenoptera,Balaenopteridae,8,600,93.01333333333334,55808,61047009.wav
train,1162,Harp_Seal,Pagophilus,Phocidae,11,10240,1.678125,17184,67009004.wav
train,1163,Spinner_Dolphin,Stenella,Delphinidae,26,80000,1.64745,131796,7100401D.wav
train,1164,Southern_Right_Whale,Eubalaena,Balaenidae,24,5120,1.41796875,7260,79002004.wav
train,1165,Sperm_Whale,Physeter,Physeteridae,25,40960,1.41796875,58080,72009003.wav
train,1166,Ross_Seal,Ommatophoca,Phocidae,21,20000,3.3698,67396,6608500Q.wav
train,1167,Spinner_Dolphin,Stenella,Delphinidae,26,81920,1.89061279296875,154879,7100300L.wav
train,1168,Frasers_Dolphin,Lagenodelphis,Delphinidae,9,81920,3.54373779296875,290303,9101000X.wav
train,1169,Sperm_Whale,Physeter,Physeteridae,25,81600,29.406286764705882,2399553,8800201N.wav
train,1170,White-beaked_Dolphin,Lagenorhynchus,Delphinidae,30,80000,0.431925,34554,70005002.wav
train,1171,"Beluga,_White_Whale",Delphinapterus,Monodontidae,2,80000,4.1789,334312,6202200G.wav
train,1172,White-beaked_Dolphin,Lagenorhynchus,Delphinidae,30,60600,8.858250825082509,536810,5903700B.wav
train,1173,Walrus,Odobenus,Odobenidae,28,10240,1.09921875,11256,72014003.wav
train,1174,Rough-Toothed_Dolphin,Steno,Delphinidae,22,81920,1.44061279296875,118015,8501300M.wav
train,1175,Sperm_Whale,Physeter,Physeteridae,25,40960,2.8359375,116160,84021003.wav
train,1176,Pantropical_Spotted_Dolphin,Stenella,Delphinidae,20,55500,7.272432432432432,403620,6400501C.wav
train,1177,Harp_Seal,Pagophilus,Phocidae,11,10240,2.25,23040,67009002.wav
train,1178,Harp_Seal,Pagophilus,Phocidae,11,43900,53.78883826879271,2361330,67008008.wav
train,1179,Melon_Headed_Whale,Peponocephala,Delphinidae,16,81920,0.96568603515625,79109,9101201I.wav
train,1180,Frasers_Dolphin,Lagenodelphis,Delphinidae,9,60600,10.409455445544554,630813,9100800F.wav
train,1181,Long-Finned_Pilot_Whale,Globicephala,Delphinidae,15,60600,52.59585808580858,3187309,54024006.wav
train,1182,Bowhead_Whale,Balaena,Balaenidae,4,10000,5.8833,58833,88006037.wav
train,1183,"Beluga,_White_Whale",Delphinapterus,Monodontidae,2,80000,1.305225,104418,6202200W.wav
train,1184,Sperm_Whale,Physeter,Physeteridae,25,81920,1.040625,85248,7702800V.wav
train,1185,Frasers_Dolphin,Lagenodelphis,Delphinidae,9,81920,1.89061279296875,154879,9101300E.wav
train,1186,Short-Finned_Pacific_Pilot_Whale,Globicephala,Delphinidae,23,40000,2.0915,83660,9100500Y.wav
train,1187,"Beluga,_White_Whale",Delphinapterus,Monodontidae,2,16000,4.3895,70232,63015006.wav
train,1188,Melon_Headed_Whale,Peponocephala,Delphinidae,16,81920,0.98885498046875,81007,91012003.wav
train,1189,Spinner_Dolphin,Stenella,Delphinidae,26,80000,1.7667,141336,7100102S.wav
train,1190,Ross_Seal,Ommatophoca,Phocidae,21,20000,3.1668,63336,6608500R.wav
train,1191,Frasers_Dolphin,Lagenodelphis,Delphinidae,9,81920,0.62183837890625,50941,9101301A.wav
train,1192,White-beaked_Dolphin,Lagenorhynchus,Delphinidae,30,60600,1.6973267326732673,102858,7200500H.wav
train,1193,Leopard_Seal,Hydrurga,Phocidae,14,5000,5.1712,25856,6608400N.wav
train,1194,Northern_Right_Whale,Eubalaena,Balaenidae,19,10000,2.1824,21824,5900300B.wav
train,1195,Striped_Dolphin,Stenella,Delphinidae,27,81600,1.3530392156862745,110408,7500300H.wav
train,1196,Pantropical_Spotted_Dolphin,Stenella,Delphinidae,20,80000,0.876375,70110,9400807R.wav
train,1197,Rough-Toothed_Dolphin,Steno,Delphinidae,22,81920,1.36248779296875,111615,85013014.wav
train,1198,Melon_Headed_Whale,Peponocephala,Delphinidae,16,81920,0.18729248046875,15343,9101202S.wav
train,1199,"Beluga,_White_Whale",Delphinapterus,Monodontidae,2,40960,1.38984375,56928,6503300J.wav
train,1200,Short-Finned_Pacific_Pilot_Whale,Globicephala,Delphinidae,23,40000,2.632,105280,91005010.wav
train,1201,White-beaked_Dolphin,Lagenorhynchus,Delphinidae,30,80000,1.615425,129234,7001300G.wav
train,1202,Minke_Whale,Balaenoptera,Balaenopteridae,17,1280,1.41328125,1809,64103009.wav
train,1203,"Beluga,_White_Whale",Delphinapterus,Monodontidae,2,81920,0.80390625,65856,65033003.wav
train,1204,Humpback_Whale,Megaptera,Balaenopteridae,12,14900,23.76993288590604,354172,5511300F.wav
train,1205,Pantropical_Spotted_Dolphin,Stenella,Delphinidae,20,80000,0.85125,68100,94008085.wav
train,1206,"Grampus,_Rissos_Dolphin",Grampus,Delphinidae,10,81920,0.5534912109375,45342,59030035.wav
train,1207,Harp_Seal,Pagophilus,Phocidae,11,10240,0.708984375,7260,67010006.wav
train,1208,Killer_Whale,Orcinus,Delphinidae,13,21900,2.322191780821918,50856,9750300Z.wav
train,1209,Atlantic_Spotted_Dolphin,Stenella,Delphinidae,0,80000,1.4946,119568,61026031.wav
train,1210,Short-Finned_Pacific_Pilot_Whale,Globicephala,Delphinidae,23,40960,1.4203125,58176,8103700H.wav
train,1211,Spinner_Dolphin,Stenella,Delphinidae,26,80000,0.98895,79116,7100801H.wav
train,1212,Striped_Dolphin,Stenella,Delphinidae,27,60600,0.9935313531353135,60208,5801100I.wav
train,1213,False_Killer_Whale,Pseudorca,Delphinidae,7,81920,0.90234375,73920,6102100P.wav
train,1214,Bowhead_Whale,Balaena,Balaenidae,4,10000,5.1657,51657,8800600G.wav
train,1215,"Grampus,_Rissos_Dolphin",Grampus,Delphinidae,10,81920,0.42498779296875,34815,5902900W.wav
train,1216,"Grampus,_Rissos_Dolphin",Grampus,Delphinidae,10,30000,2.9692,89076,85009005.wav
train,1217,"Beluga,_White_Whale",Delphinapterus,Monodontidae,2,16000,2.654625,42474,6202600D.wav
train,1218,Pantropical_Spotted_Dolphin,Stenella,Delphinidae,20,80000,1.032,82560,9400802D.wav
train,1219,"Beluga,_White_Whale",Delphinapterus,Monodontidae,2,80000,1.674225,133938,62022013.wav
train,1220,White-beaked_Dolphin,Lagenorhynchus,Delphinidae,30,60600,2.516336633663366,152490,5903700M.wav
train,1221,Northern_Right_Whale,Eubalaena,Balaenidae,19,10200,2.2668627450980394,23122,56025001.wav
train,1222,Harp_Seal,Pagophilus,Phocidae,11,10240,1.35234375,13848,6700900U.wav
train,1223,"Grampus,_Rissos_Dolphin",Grampus,Delphinidae,10,81920,3.49998779296875,286719,59030024.wav
train,1224,Common_Dolphin,Delphinus,Delphinidae,6,81600,2.248676470588235,183492,7500304H.wav
train,1225,Bearded_Seal,Erignathus,Phocidae,1,5120,1.41796875,7260,71012002.wav
train,1226,White-beaked_Dolphin,Lagenorhynchus,Delphinidae,30,60600,5.488531353135314,332605,5903700G.wav
train,1227,Narwhal,Monodon,Monodontidae,18,81920,1.41796875,116160,6800200B.wav
train,1228,White-beaked_Dolphin,Lagenorhynchus,Delphinidae,30,80000,2.43485,194788,7001400X.wav
train,1229,Spinner_Dolphin,Stenella,Delphinidae,26,60600,52.73135313531353,3195520,7100103E.wav
train,1230,Southern_Right_Whale,Eubalaena,Balaenidae,24,5120,1.76484375,9036,79002010.wav
train,1231,Humpback_Whale,Megaptera,Balaenopteridae,12,14900,14.35489932885906,213888,6304300K.wav
train,1232,Frasers_Dolphin,Lagenodelphis,Delphinidae,9,81920,3.78123779296875,309759,9101000W.wav
train,1233,Clymene_Dolphin,Stenella,Delphinidae,5,166600,2.6615126050420166,443408,8300602E.wav
train,1234,Narwhal,Monodon,Monodontidae,18,81920,1.41796875,116160,7501400L.wav
train,1235,Striped_Dolphin,Stenella,Delphinidae,27,60600,1.2665346534653465,76752,58011002.wav
train,1236,Rough-Toothed_Dolphin,Steno,Delphinidae,22,81920,1.0640625,87168,85014005.wav
train,1237,Bowhead_Whale,Balaena,Balaenidae,4,10000,3.3554,33554,88006008.wav
train,1238,Northern_Right_Whale,Eubalaena,Balaenidae,19,14900,2.157181208053691,32142,8101403Z.wav
train,1239,Northern_Right_Whale,Eubalaena,Balaenidae,19,10200,1.8031372549019609,18392,5602500N.wav
train,1240,Bowhead_Whale,Balaena,Balaenidae,4,10000,3.6178,36178,88006005.wav
train,1241,"Fin,_Finback_Whale",Balaenoptera,Balaenopteridae,8,600,31.898333333333333,19139,6107900K.wav
train,1242,White-beaked_Dolphin,Lagenorhynchus,Delphinidae,30,60600,1.965990099009901,119139,7200500M.wav
train,1243,Long-Finned_Pilot_Whale,Globicephala,Delphinidae,15,81920,1.00311279296875,82175,7703400H.wav
train,1244,Common_Dolphin,Delphinus,Delphinidae,6,81600,2.12375,173298,7500304N.wav
train,1245,White-sided_Dolphin,Lagenorhynchus,Delphinidae,31,166600,1.6894597839135654,281464,7500102R.wav
train,1246,Narwhal,Monodon,Monodontidae,18,81920,1.41796875,116160,6800200E.wav
train,1247,Narwhal,Monodon,Monodontidae,18,60600,3.1794059405940596,192672,6804000S.wav
train,1248,Long-Finned_Pilot_Whale,Globicephala,Delphinidae,15,81600,2.1253676470588236,173430,7500401F.wav
train,1249,Northern_Right_Whale,Eubalaena,Balaenidae,19,10200,1.435686274509804,14644,56025006.wav
train,1250,Atlantic_Spotted_Dolphin,Stenella,Delphinidae,0,80000,1.4382,115056,6102603L.wav
train,1251,Clymene_Dolphin,Stenella,Delphinidae,5,41600,1.2957932692307692,53905,8300604O.wav
train,1252,Short-Finned_Pacific_Pilot_Whale,Globicephala,Delphinidae,23,60600,35.295,2138877,5702100N.wav
train,1253,Rough-Toothed_Dolphin,Steno,Delphinidae,22,81920,1.57186279296875,128767,85013015.wav
train,1254,Clymene_Dolphin,Stenella,Delphinidae,5,166600,3.0624129651860743,510198,8300602Q.wav
train,1255,"Beluga,_White_Whale",Delphinapterus,Monodontidae,2,80000,1.089575,87166,62022012.wav
train,1256,Short-Finned_Pacific_Pilot_Whale,Globicephala,Delphinidae,23,30000,0.9106,27318,5702100C.wav
train,1257,Narwhal,Monodon,Monodontidae,18,81920,1.41796875,116160,7501400X.wav
train,1258,Bottlenose_Dolphin,Tursiops,Delphinidae,3,60600,1.0966336633663367,66456,56006006.wav
train,1259,Humpback_Whale,Megaptera,Balaenopteridae,12,14900,71.87355704697987,1070916,6301901E.wav
train,1260,Melon_Headed_Whale,Peponocephala,Delphinidae,16,81920,1.36854248046875,112111,91012016.wav
train,1261,Rough-Toothed_Dolphin,Steno,Delphinidae,22,81920,1.59998779296875,131071,85014007.wav
train,1262,Narwhal,Monodon,Monodontidae,18,81920,1.41796875,116160,7501400V.wav
train,1263,Humpback_Whale,Megaptera,Balaenopteridae,12,5120,2.75625,14112,63019005.wav
train,1264,White-beaked_Dolphin,Lagenorhynchus,Delphinidae,30,60600,0.5033828382838283,30505,59037001.wav
train,1265,Clymene_Dolphin,Stenella,Delphinidae,5,166600,2.599951980792317,433152,8300601K.wav
train,1266,Ross_Seal,Ommatophoca,Phocidae,21,20000,5.06485,101297,6608500J.wav
train,1267,False_Killer_Whale,Pseudorca,Delphinidae,7,81920,0.5578125,45696,6102301E.wav
train,1268,Long-Finned_Pilot_Whale,Globicephala,Delphinidae,15,80000,1.3838,110704,7500502R.wav
train,1269,"Grampus,_Rissos_Dolphin",Grampus,Delphinidae,10,30000,5.8787666666666665,176363,59030003.wav
train,1270,Long-Finned_Pilot_Whale,Globicephala,Delphinidae,15,81600,1.3861642156862746,113111,75004033.wav
train,1271,"Beluga,_White_Whale",Delphinapterus,Monodontidae,2,80000,1.5280625,122245,62022014.wav
train,1272,Rough-Toothed_Dolphin,Steno,Delphinidae,22,81920,1.89061279296875,154879,8501300A.wav
train,1273,Short-Finned_Pacific_Pilot_Whale,Globicephala,Delphinidae,23,30000,4.574366666666666,137231,81037005.wav
train,1274,Striped_Dolphin,Stenella,Delphinidae,27,81600,2.331323529411765,190236,8500701F.wav
train,1275,White-beaked_Dolphin,Lagenorhynchus,Delphinidae,30,80000,1.856,148480,7001400T.wav
train,1276,Ross_Seal,Ommatophoca,Phocidae,21,20000,3.52205,70441,6608500I.wav
train,1277,Pantropical_Spotted_Dolphin,Stenella,Delphinidae,20,81920,1.41796875,116160,90028007.wav
train,1278,Killer_Whale,Orcinus,Delphinidae,13,21900,5.901735159817352,129248,97503018.wav
train,1279,Southern_Right_Whale,Eubalaena,Balaenidae,24,5120,1.621875,8304,7900200Z.wav
train,1280,Short-Finned_Pacific_Pilot_Whale,Globicephala,Delphinidae,23,40960,0.3861328125,15816,81037011.wav
train,1281,Narwhal,Monodon,Monodontidae,18,81920,1.41796875,116160,68002007.wav
train,1282,Minke_Whale,Balaenoptera,Balaenopteridae,17,1280,1.41796875,1815,64103007.wav
train,1283,Long-Finned_Pilot_Whale,Globicephala,Delphinidae,15,30000,3.6655,109965,54024003.wav
train,1284,Ross_Seal,Ommatophoca,Phocidae,21,20000,3.2585,65170,66084003.wav
train,1285,Common_Dolphin,Delphinus,Delphinidae,6,81600,3.3891176470588236,276552,75003044.wav
train,1286,Narwhal,Monodon,Monodontidae,18,81920,1.41796875,116160,7501400C.wav
train,1287,Walrus,Odobenus,Odobenidae,28,20000,7.11175,142235,7200200M.wav
train,1288,Long-Finned_Pilot_Whale,Globicephala,Delphinidae,15,80000,1.48,118400,7500502Q.wav
train,1289,Walrus,Odobenus,Odobenidae,28,20000,5.89945,117989,7200200L.wav
train,1290,Northern_Right_Whale,Eubalaena,Balaenidae,19,10000,1.666,16660,7001800H.wav
train,1291,Melon_Headed_Whale,Peponocephala,Delphinidae,16,81920,0.163916015625,13428,91012049.wav
train,1292,Walrus,Odobenus,Odobenidae,28,20000,3.0972,61944,7200200K.wav
train,1293,Striped_Dolphin,Stenella,Delphinidae,27,81600,1.209607843137255,98704,75003015.wav
train,1294,Sperm_Whale,Physeter,Physeteridae,25,44100,1220.1006802721088,53806440,9400500C.wav
train,1295,"Fin,_Finback_Whale",Balaenoptera,Balaenopteridae,8,600,64.13333333333334,38480,6107900B.wav
train,1296,White-sided_Dolphin,Lagenorhynchus,Delphinidae,31,80000,3.1210375,249683,6107202K.wav
train,1297,False_Killer_Whale,Pseudorca,Delphinidae,7,80000,1.4231125,113849,95003003.wav
train,1298,Bowhead_Whale,Balaena,Balaenidae,4,10000,3.2042,32042,8800600Q.wav
train,1299,Bowhead_Whale,Balaena,Balaenidae,4,10000,6.0279,60279,88006034.wav
train,1300,Sperm_Whale,Physeter,Physeteridae,25,40960,5.25,215040,72009001.wav
train,1301,Common_Dolphin,Delphinus,Delphinidae,6,81600,0.40503676470588235,33051,7500304P.wav
train,1302,Spinner_Dolphin,Stenella,Delphinidae,26,80000,1.2595,100760,7100101I.wav
train,1303,Short-Finned_Pacific_Pilot_Whale,Globicephala,Delphinidae,23,40000,1.204375,48175,91005011.wav
train,1304,Frasers_Dolphin,Lagenodelphis,Delphinidae,9,81920,2.14373779296875,175615,9101000S.wav
train,1305,Long-Finned_Pilot_Whale,Globicephala,Delphinidae,15,60600,65.59049504950495,3974784,7703400U.wav
train,1306,False_Killer_Whale,Pseudorca,Delphinidae,7,81920,0.66328125,54336,61021012.wav
train,1307,Clymene_Dolphin,Stenella,Delphinidae,5,166600,2.4003361344537817,399896,8300601G.wav
train,1308,"Grampus,_Rissos_Dolphin",Grampus,Delphinidae,10,81920,0.69375,56832,5903002S.wav
train,1309,Bowhead_Whale,Balaena,Balaenidae,4,10000,5.4741,54741,8800600U.wav
train,1310,Clymene_Dolphin,Stenella,Delphinidae,5,81920,2.1984375,180096,83006001.wav
train,1311,False_Killer_Whale,Pseudorca,Delphinidae,7,81920,0.69609375,57024,6102101N.wav
train,1312,Humpback_Whale,Megaptera,Balaenopteridae,12,14900,14.095570469798657,210024,63019019.wav
train,1313,Rough-Toothed_Dolphin,Steno,Delphinidae,22,81920,0.89373779296875,73215,8501400F.wav
train,1314,Common_Dolphin,Delphinus,Delphinidae,6,43900,1.6236902050113895,71280,58014034.wav
train,1315,Rough-Toothed_Dolphin,Steno,Delphinidae,22,81920,1.39686279296875,114431,8501400B.wav
train,1316,Common_Dolphin,Delphinus,Delphinidae,6,81600,1.1632352941176471,94920,7500305H.wav
train,1317,"Beluga,_White_Whale",Delphinapterus,Monodontidae,2,20000,4.2588,85176,62019001.wav
train,1318,Walrus,Odobenus,Odobenidae,28,40960,4.3125,176640,72019002.wav
train,1319,Clymene_Dolphin,Stenella,Delphinidae,5,166600,2.6055462184873948,434084,8300601F.wav
train,1320,Long-Finned_Pilot_Whale,Globicephala,Delphinidae,15,81920,0.45703125,37440,7702801L.wav
train,1321,Bearded_Seal,Erignathus,Phocidae,1,10240,11.34375,116160,78018005.wav
train,1322,Harp_Seal,Pagophilus,Phocidae,11,10240,2.4984375,25584,6700900A.wav
train,1323,Rough-Toothed_Dolphin,Steno,Delphinidae,22,81920,1.46561279296875,120063,8501400R.wav
train,1324,Clymene_Dolphin,Stenella,Delphinidae,5,81920,2.4609375,201600,8300600F.wav
train,1325,Clymene_Dolphin,Stenella,Delphinidae,5,81920,1.5390625,126080,8300604F.wav
train,1326,Clymene_Dolphin,Stenella,Delphinidae,5,41600,1.711826923076923,71212,83006031.wav
train,1327,White-beaked_Dolphin,Lagenorhynchus,Delphinidae,30,60600,2.703828382838284,163852,5903700F.wav
train,1328,Striped_Dolphin,Stenella,Delphinidae,27,60600,0.6654785478547854,40328,58011009.wav
train,1329,White-beaked_Dolphin,Lagenorhynchus,Delphinidae,30,60600,3.3264851485148514,201585,7200500K.wav
train,1330,Harp_Seal,Pagophilus,Phocidae,11,10240,1.41796875,14520,6701000H.wav
train,1331,Northern_Right_Whale,Eubalaena,Balaenidae,19,10200,0.8766666666666667,8942,5601700U.wav
train,1332,Pantropical_Spotted_Dolphin,Stenella,Delphinidae,20,60600,1.194983498349835,72416,9004400O.wav
train,1333,Atlantic_Spotted_Dolphin,Stenella,Delphinidae,0,60600,1.4621782178217821,88608,6102500J.wav
train,1334,Pantropical_Spotted_Dolphin,Stenella,Delphinidae,20,80000,0.726375,58110,94006004.wav
train,1335,Bearded_Seal,Erignathus,Phocidae,1,20480,2.8359375,58080,70025001.wav
train,1336,White-beaked_Dolphin,Lagenorhynchus,Delphinidae,30,60600,2.035049504950495,123324,5903700N.wav
train,1337,Spinner_Dolphin,Stenella,Delphinidae,26,80000,1.418,113440,71001034.wav
train,1338,"Beluga,_White_Whale",Delphinapterus,Monodontidae,2,81920,1.06171875,86976,65033002.wav
train,1339,Frasers_Dolphin,Lagenodelphis,Delphinidae,9,81920,1.136865234375,93132,9101001Y.wav
train,1340,Spinner_Dolphin,Stenella,Delphinidae,26,81920,1.89061279296875,154879,7100300O.wav
train,1341,Long-Finned_Pilot_Whale,Globicephala,Delphinidae,15,81600,2.251176470588235,183696,7500403J.wav
train,1342,Spinner_Dolphin,Stenella,Delphinidae,26,80000,1.064675,85174,7101001C.wav
train,1343,Ross_Seal,Ommatophoca,Phocidae,21,20000,2.97395,59479,6608500H.wav
train,1344,Spinner_Dolphin,Stenella,Delphinidae,26,80000,1.0305,82440,7100101A.wav
train,1345,"Grampus,_Rissos_Dolphin",Grampus,Delphinidae,10,81920,1.33748779296875,109567,59029016.wav
train,1346,Killer_Whale,Orcinus,Delphinidae,13,40960,1.275,52224,60026002.wav
train,1347,Spinner_Dolphin,Stenella,Delphinidae,26,80000,0.832075,66566,7100102Z.wav
train,1348,Bowhead_Whale,Balaena,Balaenidae,4,10000,5.025,50250,8800600L.wav
train,1349,Northern_Right_Whale,Eubalaena,Balaenidae,19,10000,2.9274,29274,59005002.wav
train,1350,Melon_Headed_Whale,Peponocephala,Delphinidae,16,81920,0.28258056640625,23149,9101203J.wav
train,1351,White-sided_Dolphin,Lagenorhynchus,Delphinidae,31,148100,1.3336529372045915,197514,79004016.wav
train,1352,Harp_Seal,Pagophilus,Phocidae,11,10240,1.26328125,12936,67009009.wav
train,1353,Northern_Right_Whale,Eubalaena,Balaenidae,19,10200,3.6573529411764705,37305,56017007.wav
train,1354,Bearded_Seal,Erignathus,Phocidae,1,10240,11.34375,116160,78018003.wav
train,1355,"Fin,_Finback_Whale",Balaenoptera,Balaenopteridae,8,600,24.908333333333335,14945,60009007.wav
train,1356,Frasers_Dolphin,Lagenodelphis,Delphinidae,9,81920,2.35623779296875,193023,9101300Y.wav
test,0,Harp_Seal,Pagophilus,Phocidae,11,10240,0.7875,8064,6700900J.wav
test,1,Spinner_Dolphin,Stenella,Delphinidae,26,80000,1.0998375,87987,7100800L.wav
test,2,Walrus,Odobenus,Odobenidae,28,10240,0.965625,9888,72014004.wav
test,3,Minke_Whale,Balaenoptera,Balaenopteridae,17,1280,0.70859375,907,64104003.wav
test,4,Frasers_Dolphin,Lagenodelphis,Delphinidae,9,81920,0.766748046875,62812,91010024.wav
test,5,Bearded_Seal,Erignathus,Phocidae,1,10240,3.61875,37056,7801800H.wav
test,6,White-beaked_Dolphin,Lagenorhynchus,Delphinidae,30,60600,1.4001155115511552,84847,7200500G.wav
test,7,Sperm_Whale,Physeter,Physeteridae,25,81920,1.4109375,115584,85005004.wav
test,8,Pantropical_Spotted_Dolphin,Stenella,Delphinidae,20,55500,1.599153153153153,88753,6400500D.wav
test,9,Long-Finned_Pilot_Whale,Globicephala,Delphinidae,15,81920,1.36640625,111936,7702801D.wav
test,10,Melon_Headed_Whale,Peponocephala,Delphinidae,16,60600,17.646732673267326,1069392,9101204F.wav
test,11,"Grampus,_Rissos_Dolphin",Grampus,Delphinidae,10,81920,0.50936279296875,41727,5902900S.wav
test,12,Frasers_Dolphin,Lagenodelphis,Delphinidae,9,81920,3.78123779296875,309759,9101000H.wav
test,13,Striped_Dolphin,Stenella,Delphinidae,27,60600,1.8905940594059405,114570,5801100M.wav
test,14,Atlantic_Spotted_Dolphin,Stenella,Delphinidae,0,60600,1.33016501650165,80608,6102500O.wav
test,15,Clymene_Dolphin,Stenella,Delphinidae,5,81920,1.484228515625,121588,8300604E.wav
test,16,Rough-Toothed_Dolphin,Steno,Delphinidae,22,81920,1.62186279296875,132863,8501400L.wav
test,17,Short-Finned_Pacific_Pilot_Whale,Globicephala,Delphinidae,23,40000,4.422,176880,91005015.wav
test,18,Frasers_Dolphin,Lagenodelphis,Delphinidae,9,81920,0.9467529296875,77558,9101001T.wav
test,19,Bowhead_Whale,Balaena,Balaenidae,4,10240,2.465625,25248,7202100Z.wav
test,20,Short-Finned_Pacific_Pilot_Whale,Globicephala,Delphinidae,23,40000,0.5432,21728,9100501T.wav
test,21,White-sided_Dolphin,Lagenorhynchus,Delphinidae,31,80000,1.936,154880,61072005.wav
test,22,White-beaked_Dolphin,Lagenorhynchus,Delphinidae,30,60600,2.436930693069307,147678,72005008.wav
test,23,Rough-Toothed_Dolphin,Steno,Delphinidae,22,81920,1.89061279296875,154879,8501300E.wav
test,24,"Grampus,_Rissos_Dolphin",Grampus,Delphinidae,10,81920,0.33515625,27456,8500900P.wav
test,25,Pantropical_Spotted_Dolphin,Stenella,Delphinidae,20,80000,1.5799,126392,94008006.wav
test,26,Spinner_Dolphin,Stenella,Delphinidae,26,80000,1.6328,130624,71004004.wav
test,27,Striped_Dolphin,Stenella,Delphinidae,27,81600,1.9694117647058824,160704,8500701J.wav
test,28,Bowhead_Whale,Balaena,Balaenidae,4,10000,2.6462,26462,88006001.wav
test,29,Harp_Seal,Pagophilus,Phocidae,11,10240,1.5,15360,67010002.wav
test,30,Striped_Dolphin,Stenella,Delphinidae,27,60600,0.9507590759075908,57616,58011004.wav
test,31,Long-Finned_Pilot_Whale,Globicephala,Delphinidae,15,81600,1.5214705882352941,124152,7500402O.wav
test,32,White-beaked_Dolphin,Lagenorhynchus,Delphinidae,30,60600,1.6322442244224422,98914,5903700S.wav
test,33,Humpback_Whale,Megaptera,Balaenopteridae,12,14900,122.91476510067115,1831430,6301901A.wav
test,34,Rough-Toothed_Dolphin,Steno,Delphinidae,22,81920,1.03828125,85056,8501300I.wav
test,35,Short-Finned_Pacific_Pilot_Whale,Globicephala,Delphinidae,23,40960,0.9375,38400,8103700P.wav
test,36,Clymene_Dolphin,Stenella,Delphinidae,5,166600,3.7877551020408164,631040,8303501W.wav
test,37,Harp_Seal,Pagophilus,Phocidae,11,10240,0.708984375,7260,6701000B.wav
test,38,Harp_Seal,Pagophilus,Phocidae,11,10240,0.708984375,7260,6701000D.wav
test,39,Harp_Seal,Pagophilus,Phocidae,11,10240,2.5359375,25968,6700900R.wav
test,40,Spinner_Dolphin,Stenella,Delphinidae,26,80000,0.990425,79234,71001014.wav
test,41,Pantropical_Spotted_Dolphin,Stenella,Delphinidae,20,55500,4.244054054054054,235545,6400501B.wav
test,42,White-beaked_Dolphin,Lagenorhynchus,Delphinidae,30,80000,1.8921,151368,70014014.wav
test,43,Bowhead_Whale,Balaena,Balaenidae,4,10240,2.8359375,29040,7202100Q.wav
test,44,False_Killer_Whale,Pseudorca,Delphinidae,7,81920,0.64453125,52800,6102101F.wav
test,45,Pantropical_Spotted_Dolphin,Stenella,Delphinidae,20,81920,0.708984375,58080,90028009.wav
test,46,Spinner_Dolphin,Stenella,Delphinidae,26,80000,1.7056,136448,7100800Z.wav
test,47,Melon_Headed_Whale,Peponocephala,Delphinidae,16,60600,6.940841584158416,420615,9101204M.wav
test,48,Sperm_Whale,Physeter,Physeteridae,25,81920,2.83125,231936,85004001.wav
test,49,Ross_Seal,Ommatophoca,Phocidae,21,20000,3.05515,61103,6608500D.wav
test,50,White-beaked_Dolphin,Lagenorhynchus,Delphinidae,30,80000,1.6779,134232,70014011.wav
test,51,Rough-Toothed_Dolphin,Steno,Delphinidae,22,81920,1.59998779296875,131071,8501400N.wav
test,52,Atlantic_Spotted_Dolphin,Stenella,Delphinidae,0,60600,1.2227062706270626,74096,6102500B.wav
test,53,Humpback_Whale,Megaptera,Balaenopteridae,12,14900,5.975838926174497,89040,9220100T.wav
test,54,Striped_Dolphin,Stenella,Delphinidae,27,81600,1.8715808823529412,152721,8500701K.wav
test,55,Atlantic_Spotted_Dolphin,Stenella,Delphinidae,0,80000,1.6121875,128975,61026004.wav
test,56,Sperm_Whale,Physeter,Physeteridae,25,40960,4.7625,195072,8401400A.wav
test,57,"Beluga,_White_Whale",Delphinapterus,Monodontidae,2,80000,4.4130625,353045,6202200Q.wav
test,58,Bearded_Seal,Erignathus,Phocidae,1,10240,2.7515625,28176,7801800B.wav
test,59,Striped_Dolphin,Stenella,Delphinidae,27,81600,2.426470588235294,198000,8500701H.wav
test,60,Ross_Seal,Ommatophoca,Phocidae,21,20000,4.25285,85057,6608500C.wav
test,61,"Beluga,_White_Whale",Delphinapterus,Monodontidae,2,80000,4.7372875,378983,6202200T.wav
test,62,"Fin,_Finback_Whale",Balaenoptera,Balaenopteridae,8,600,98.97333333333333,59384,6107900I.wav
test,63,Atlantic_Spotted_Dolphin,Stenella,Delphinidae,0,60600,0.9821782178217822,59520,6102500M.wav
test,64,Walrus,Odobenus,Odobenidae,28,20000,6.38005,127601,72002002.wav
test,65,White-sided_Dolphin,Lagenorhynchus,Delphinidae,31,80000,2.54,203200,6107200Z.wav
test,66,Narwhal,Monodon,Monodontidae,18,81920,1.41796875,116160,7501400F.wav
test,67,Ross_Seal,Ommatophoca,Phocidae,21,20000,2.9841,59682,6608500K.wav
test,68,Sperm_Whale,Physeter,Physeteridae,25,81600,8.215073529411764,670350,9357000R.wav
test,69,Frasers_Dolphin,Lagenodelphis,Delphinidae,9,81920,3.78123779296875,309759,9101000Y.wav
test,70,Rough-Toothed_Dolphin,Steno,Delphinidae,22,81920,1.27811279296875,104703,85013011.wav
test,71,Short-Finned_Pacific_Pilot_Whale,Globicephala,Delphinidae,23,40000,0.698375,27935,9100501K.wav
test,72,"Grampus,_Rissos_Dolphin",Grampus,Delphinidae,10,81920,0.37734375,30912,8500900I.wav
test,73,Clymene_Dolphin,Stenella,Delphinidae,5,60600,20.759455445544553,1258023,8300604S.wav
test,74,"Beluga,_White_Whale",Delphinapterus,Monodontidae,2,80000,1.7008,136064,62022016.wav
test,75,Melon_Headed_Whale,Peponocephala,Delphinidae,16,81920,0.94530029296875,77439,91012018.wav
test,76,Bottlenose_Dolphin,Tursiops,Delphinidae,3,81920,1.5,122880,89514003.wav
test,77,Bottlenose_Dolphin,Tursiops,Delphinidae,3,60600,1.0122772277227723,61344,5600600E.wav
test,78,Ross_Seal,Ommatophoca,Phocidae,21,20000,2.8812,57624,66084007.wav
test,79,Melon_Headed_Whale,Peponocephala,Delphinidae,16,60600,5.313531353135313,322000,9101204P.wav
test,80,Common_Dolphin,Delphinus,Delphinidae,6,81600,1.9401470588235294,158316,7500303Z.wav
test,81,Harp_Seal,Pagophilus,Phocidae,11,10240,1.3546875,13872,6700900P.wav
test,82,Frasers_Dolphin,Lagenodelphis,Delphinidae,9,81920,3.78123779296875,309759,9101300K.wav
test,83,Humpback_Whale,Megaptera,Balaenopteridae,12,14900,9.559328859060402,142434,55113004.wav
test,84,Frasers_Dolphin,Lagenodelphis,Delphinidae,9,81920,0.93548583984375,76635,9101301G.wav
test,85,Common_Dolphin,Delphinus,Delphinidae,6,43900,1.7665148063781322,77550,58014036.wav
test,86,Humpback_Whale,Megaptera,Balaenopteridae,12,14900,38.38335570469798,571912,55113001.wav
test,87,Ross_Seal,Ommatophoca,Phocidae,21,20000,4.29345,85869,6608900F.wav
test,88,Atlantic_Spotted_Dolphin,Stenella,Delphinidae,0,80000,1.4835,118680,6102603V.wav
test,89,Pantropical_Spotted_Dolphin,Stenella,Delphinidae,20,148100,15.293450371370696,2264960,9400805S.wav
test,90,False_Killer_Whale,Pseudorca,Delphinidae,7,81920,0.98436279296875,80639,61023008.wav
test,91,Bearded_Seal,Erignathus,Phocidae,1,5120,0.83671875,4284,71012008.wav
test,92,Rough-Toothed_Dolphin,Steno,Delphinidae,22,81920,1.21873779296875,99839,8501300H.wav
test,93,White-beaked_Dolphin,Lagenorhynchus,Delphinidae,30,60600,2.6986798679867987,163540,5903700J.wav
test,94,Atlantic_Spotted_Dolphin,Stenella,Delphinidae,0,43900,3.527995444191344,154879,61025008.wav
test,95,Melon_Headed_Whale,Peponocephala,Delphinidae,16,81920,1.80936279296875,148223,9101202B.wav
test,96,Clymene_Dolphin,Stenella,Delphinidae,5,81920,1.41796875,116160,83006009.wav
test,97,Short-Finned_Pacific_Pilot_Whale,Globicephala,Delphinidae,23,40960,1.4203125,58176,81037007.wav
test,98,Walrus,Odobenus,Odobenidae,28,20480,6.074951171875,124415,72020006.wav
test,99,Atlantic_Spotted_Dolphin,Stenella,Delphinidae,0,80000,1.692,135360,6102602U.wav
test,100,White-beaked_Dolphin,Lagenorhynchus,Delphinidae,30,80000,2.5599,204792,7001400Z.wav
test,101,Bearded_Seal,Erignathus,Phocidae,1,5120,0.83671875,4284,71012009.wav
test,102,Sperm_Whale,Physeter,Physeteridae,25,81920,0.93984375,76992,7702800U.wav
test,103,Striped_Dolphin,Stenella,Delphinidae,27,60600,1.3567326732673268,82218,5801100E.wav
test,104,Humpback_Whale,Megaptera,Balaenopteridae,12,14900,2.42248322147651,36095,9220100D.wav
test,105,Long-Finned_Pilot_Whale,Globicephala,Delphinidae,15,81920,0.721875,59136,7703400P.wav
test,106,Narwhal,Monodon,Monodontidae,18,60600,1.196039603960396,72480,6804000Q.wav
test,107,Clymene_Dolphin,Stenella,Delphinidae,5,166600,0.30516806722689077,50841,8303503R.wav
test,108,Humpback_Whale,Megaptera,Balaenopteridae,12,14900,17.200268456375838,256284,6304300N.wav
test,109,Frasers_Dolphin,Lagenodelphis,Delphinidae,9,60600,24.515907590759078,1485664,9101301O.wav
test,110,White-sided_Dolphin,Lagenorhynchus,Delphinidae,31,80000,1.80375,144300,6107200T.wav
test,111,Narwhal,Monodon,Monodontidae,18,81920,1.41796875,116160,7501400N.wav
test,112,Pantropical_Spotted_Dolphin,Stenella,Delphinidae,20,60600,1.2448844884488448,75440,9300100D.wav
test,113,Northern_Right_Whale,Eubalaena,Balaenidae,19,10000,2.0602,20602,7001800U.wav
test,114,"Beluga,_White_Whale",Delphinapterus,Monodontidae,2,81920,1.31484375,107712,6503300D.wav
test,115,Pantropical_Spotted_Dolphin,Stenella,Delphinidae,20,60600,1.0518151815181518,63740,9004401S.wav
test,116,Walrus,Odobenus,Odobenidae,28,20480,0.601171875,12312,72019007.wav
test,117,Bottlenose_Dolphin,Tursiops,Delphinidae,3,60600,1.180990099009901,71568,5600600A.wav
test,118,Clymene_Dolphin,Stenella,Delphinidae,5,81920,0.58543701171875,47959,8303503O.wav
test,119,False_Killer_Whale,Pseudorca,Delphinidae,7,80000,2.248,179840,95003008.wav
test,120,"Grampus,_Rissos_Dolphin",Grampus,Delphinidae,10,81920,0.384375,31488,8500900T.wav
test,121,Common_Dolphin,Delphinus,Delphinidae,6,81600,2.910220588235294,237474,7500303R.wav
test,122,Narwhal,Monodon,Monodontidae,18,81920,1.41796875,116160,75014014.wav
test,123,Minke_Whale,Balaenoptera,Balaenopteridae,17,1280,1.3359375,1710,64104005.wav
test,124,Melon_Headed_Whale,Peponocephala,Delphinidae,16,81920,0.1468505859375,12030,9101204A.wav
test,125,Frasers_Dolphin,Lagenodelphis,Delphinidae,9,60600,28.834851485148516,1747392,9101301N.wav
test,126,Common_Dolphin,Delphinus,Delphinidae,6,81600,1.473529411764706,120240,7500303Y.wav
test,127,Atlantic_Spotted_Dolphin,Stenella,Delphinidae,0,43900,3.527995444191344,154879,61025002.wav
test,128,"Beluga,_White_Whale",Delphinapterus,Monodontidae,2,40000,0.5223,20892,6503000G.wav
test,129,"Grampus,_Rissos_Dolphin",Grampus,Delphinidae,10,30000,6.3195,189585,59029003.wav
test,130,Walrus,Odobenus,Odobenidae,28,20000,4.55205,91041,7200200C.wav
test,131,Common_Dolphin,Delphinus,Delphinidae,6,81600,0.2206985294117647,18009,7500304Q.wav
test,132,Long-Finned_Pilot_Whale,Globicephala,Delphinidae,15,81920,1.0328369140625,84610,77028008.wav
test,133,Spinner_Dolphin,Stenella,Delphinidae,26,81920,0.94530029296875,77439,7100300A.wav
test,134,White-sided_Dolphin,Lagenorhynchus,Delphinidae,31,80000,2.3205,185640,61072023.wav
test,135,Spinner_Dolphin,Stenella,Delphinidae,26,80000,1.299375,103950,7100801M.wav
test,136,"Grampus,_Rissos_Dolphin",Grampus,Delphinidae,10,81920,0.41873779296875,34303,5902900M.wav
test,137,"Fin,_Finback_Whale",Balaenoptera,Balaenopteridae,8,600,35.428333333333335,21257,60009006.wav
test,138,Ross_Seal,Ommatophoca,Phocidae,21,20000,5.1417,102834,6608900E.wav
test,139,"Grampus,_Rissos_Dolphin",Grampus,Delphinidae,10,81920,0.43359375,35520,8500900R.wav
test,140,Narwhal,Monodon,Monodontidae,18,81920,1.41796875,116160,7501400U.wav
test,141,Sperm_Whale,Physeter,Physeteridae,25,81920,17.8125,1459200,91003002.wav
test,142,Spinner_Dolphin,Stenella,Delphinidae,26,80000,3.8664,309312,71010018.wav
test,143,White-beaked_Dolphin,Lagenorhynchus,Delphinidae,30,60600,2.565016501650165,155440,7200500Y.wav
test,144,Killer_Whale,Orcinus,Delphinidae,13,21900,1.2832876712328767,28104,9750301O.wav
test,145,Humpback_Whale,Megaptera,Balaenopteridae,12,5120,3.0,15360,63019007.wav
test,146,Bowhead_Whale,Balaena,Balaenidae,4,10000,5.3667,53667,8800600H.wav
test,147,Sperm_Whale,Physeter,Physeteridae,25,160000,58.55038125,9368061,7200900F.wav
test,148,Striped_Dolphin,Stenella,Delphinidae,27,60600,0.25567656765676566,15494,5801101I.wav
test,149,Northern_Right_Whale,Eubalaena,Balaenidae,19,14900,3.20006711409396,47681,81015005.wav
test,150,Bowhead_Whale,Balaena,Balaenidae,4,10240,45.3,463872,78018002.wav
test,151,Bearded_Seal,Erignathus,Phocidae,1,18000,6.109111111111111,109964,66038002.wav
test,152,Spinner_Dolphin,Stenella,Delphinidae,26,80000,1.1867,94936,71001037.wav
test,153,Pantropical_Spotted_Dolphin,Stenella,Delphinidae,20,80000,0.4218,33744,9400800V.wav
test,154,Northern_Right_Whale,Eubalaena,Balaenidae,19,5120,1.5,7680,74003001.wav
test,155,"Fin,_Finback_Whale",Balaenoptera,Balaenopteridae,8,600,81.49,48894,6107900E.wav
test,156,Narwhal,Monodon,Monodontidae,18,60600,5.861386138613861,355200,6804000D.wav
test,157,"Grampus,_Rissos_Dolphin",Grampus,Delphinidae,10,81920,0.56561279296875,46335,5902900Y.wav
test,158,Harp_Seal,Pagophilus,Phocidae,11,10240,1.7625,18048,6700900M.wav
test,159,Common_Dolphin,Delphinus,Delphinidae,6,81600,2.9774142156862746,242957,7500304L.wav
test,160,Melon_Headed_Whale,Peponocephala,Delphinidae,16,81920,0.19322509765625,15829,9101203I.wav
test,161,Ross_Seal,Ommatophoca,Phocidae,21,20000,2.3142,46284,6608500N.wav
test,162,Walrus,Odobenus,Odobenidae,28,10240,1.20234375,12312,72014008.wav
test,163,Striped_Dolphin,Stenella,Delphinidae,27,81600,1.35,110160,7500300M.wav
test,164,Frasers_Dolphin,Lagenodelphis,Delphinidae,9,81920,0.54708251953125,44817,91010020.wav
test,165,Narwhal,Monodon,Monodontidae,18,81920,1.41796875,116160,75014016.wav
test,166,Clymene_Dolphin,Stenella,Delphinidae,5,166600,0.5697118847539016,94914,8300604J.wav
test,167,Rough-Toothed_Dolphin,Steno,Delphinidae,22,81920,1.35311279296875,110847,85014001.wav
test,168,Northern_Right_Whale,Eubalaena,Balaenidae,19,8000,1.450875,11607,5601601O.wav
test,169,Frasers_Dolphin,Lagenodelphis,Delphinidae,9,60600,32.76039603960396,1985280,9101301L.wav
test,170,Spinner_Dolphin,Stenella,Delphinidae,26,80000,1.462775,117022,7100103A.wav
test,171,Short-Finned_Pacific_Pilot_Whale,Globicephala,Delphinidae,23,30000,4.446633333333334,133399,57021004.wav
test,172,"Fin,_Finback_Whale",Balaenoptera,Balaenopteridae,8,600,52.068333333333335,31241,6106400B.wav
test,173,"Fin,_Finback_Whale",Balaenoptera,Balaenopteridae,8,600,90.32333333333334,54194,61079002.wav
test,174,Striped_Dolphin,Stenella,Delphinidae,27,60600,0.7698349834983499,46652,5801100Z.wav
test,175,Frasers_Dolphin,Lagenodelphis,Delphinidae,9,81920,0.72607421875,59480,9100800C.wav
test,176,False_Killer_Whale,Pseudorca,Delphinidae,7,81920,0.29296875,24000,6102100X.wav
test,177,Harp_Seal,Pagophilus,Phocidae,11,10240,5.015625,51360,6700900L.wav
test,178,Long-Finned_Pilot_Whale,Globicephala,Delphinidae,15,81920,1.41796875,116160,77028017.wav
test,179,Southern_Right_Whale,Eubalaena,Balaenidae,24,5120,2.5244140625,12925,7900200U.wav
test,180,Spinner_Dolphin,Stenella,Delphinidae,26,80000,1.317475,105398,7100801E.wav
test,181,Northern_Right_Whale,Eubalaena,Balaenidae,19,14900,2.3291275167785237,34704,8101402F.wav
test,182,Killer_Whale,Orcinus,Delphinidae,13,20480,1.415625,28992,64020003.wav
test,183,Short-Finned_Pacific_Pilot_Whale,Globicephala,Delphinidae,23,40960,1.4203125,58176,8103700V.wav
test,184,"Beluga,_White_Whale",Delphinapterus,Monodontidae,2,40000,0.61425,24570,6503000H.wav
test,185,Bearded_Seal,Erignathus,Phocidae,1,20480,1.41796875,29040,70025005.wav
test,186,Humpback_Whale,Megaptera,Balaenopteridae,12,14900,12.787114093959731,190528,92201007.wav
test,187,White-sided_Dolphin,Lagenorhynchus,Delphinidae,31,148100,1.3505469277515192,200016,78007038.wav
test,188,Bottlenose_Dolphin,Tursiops,Delphinidae,3,30000,0.9715333333333334,29146,51041C01.wav
test,189,False_Killer_Whale,Pseudorca,Delphinidae,7,81920,1.17186279296875,95999,6102300F.wav
test,190,Frasers_Dolphin,Lagenodelphis,Delphinidae,9,81920,0.8109375,66432,9101001P.wav
test,191,Common_Dolphin,Delphinus,Delphinidae,6,81600,0.7422549019607844,60568,7500305D.wav
test,192,Southern_Right_Whale,Eubalaena,Balaenidae,24,5120,1.41796875,7260,7900200K.wav
test,193,Melon_Headed_Whale,Peponocephala,Delphinidae,16,81920,0.2443359375,20016,91012047.wav
test,194,Spinner_Dolphin,Stenella,Delphinidae,26,81920,1.89061279296875,154879,7100300B.wav
test,195,Rough-Toothed_Dolphin,Steno,Delphinidae,22,81920,0.95859375,78528,8501300Y.wav
test,196,Rough-Toothed_Dolphin,Steno,Delphinidae,22,81920,1.09373779296875,89599,8501400U.wav
test,197,Spinner_Dolphin,Stenella,Delphinidae,26,80000,0.898825,71906,71001022.wav
test,198,White-sided_Dolphin,Lagenorhynchus,Delphinidae,31,80000,3.078975,246318,6107202T.wav
test,199,Narwhal,Monodon,Monodontidae,18,81920,1.41796875,116160,75014012.wav
test,200,Common_Dolphin,Delphinus,Delphinidae,6,81600,2.308529411764706,188376,75003041.wav
test,201,Southern_Right_Whale,Eubalaena,Balaenidae,24,5120,1.822265625,9330,7900200Y.wav
test,202,White-beaked_Dolphin,Lagenorhynchus,Delphinidae,30,60600,2.5064686468646866,151892,72005005.wav
test,203,Spinner_Dolphin,Stenella,Delphinidae,26,80000,1.2638,101104,7100100C.wav
test,204,Common_Dolphin,Delphinus,Delphinidae,6,81600,2.14921568627451,175376,75003052.wav
test,205,Sperm_Whale,Physeter,Physeteridae,25,81920,0.163916015625,13428,91012049.wav
test,206,White-beaked_Dolphin,Lagenorhynchus,Delphinidae,30,60600,2.3919141914191417,144950,59037012.wav
test,207,"Grampus,_Rissos_Dolphin",Grampus,Delphinidae,10,81920,0.346875,28416,8500900M.wav
test,208,Atlantic_Spotted_Dolphin,Stenella,Delphinidae,0,60600,1.1664686468646865,70688,6102500F.wav
test,209,Short-Finned_Pacific_Pilot_Whale,Globicephala,Delphinidae,23,40000,1.974,78960,91005014.wav
test,210,False_Killer_Whale,Pseudorca,Delphinidae,7,81920,1.01561279296875,83199,61023005.wav
test,211,Humpback_Whale,Megaptera,Balaenopteridae,12,14900,11.193221476510066,166779,6301901V.wav
test,212,Humpback_Whale,Megaptera,Balaenopteridae,12,14900,9.578523489932886,142720,6301901D.wav
test,213,Short-Finned_Pacific_Pilot_Whale,Globicephala,Delphinidae,23,40000,1.9825,79300,9100501D.wav
test,214,White-sided_Dolphin,Lagenorhynchus,Delphinidae,31,166600,2.84187274909964,473456,7500102G.wav
test,215,White-sided_Dolphin,Lagenorhynchus,Delphinidae,31,166600,3.9281632653061225,654432,7500101P.wav
test,216,Frasers_Dolphin,Lagenodelphis,Delphinidae,9,81920,0.821875,67328,9101000K.wav
test,217,Sperm_Whale,Physeter,Physeteridae,25,60600,0.6283168316831683,38076,94004005.wav
test,218,"Fin,_Finback_Whale",Balaenoptera,Balaenopteridae,8,600,5.998333333333333,3599,6000900M.wav
test,219,Humpback_Whale,Megaptera,Balaenopteridae,12,14900,14.027651006711409,209012,6301901U.wav
test,220,Common_Dolphin,Delphinus,Delphinidae,6,81600,0.9823529411764705,80160,75003047.wav
test,221,Bowhead_Whale,Balaena,Balaenidae,4,10000,3.7265,37265,8800600Y.wav
test,222,White-sided_Dolphin,Lagenorhynchus,Delphinidae,31,80000,2.1991875,175935,6107200R.wav
test,223,Short-Finned_Pacific_Pilot_Whale,Globicephala,Delphinidae,23,30000,1.4212,42636,57021009.wav
test,224,Humpback_Whale,Megaptera,Balaenopteridae,12,14900,9.1448322147651,136258,55113003.wav
test,225,White-sided_Dolphin,Lagenorhynchus,Delphinidae,31,166600,2.6351020408163266,439008,7500101N.wav
test,226,Sperm_Whale,Physeter,Physeteridae,25,40000,43.962325,1758493,84016002.wav
test,227,Bowhead_Whale,Balaena,Balaenidae,4,10000,5.5674,55674,8800600N.wav
test,228,Killer_Whale,Orcinus,Delphinidae,13,21900,3.2847488584474887,71936,9750400C.wav
test,229,Pantropical_Spotted_Dolphin,Stenella,Delphinidae,20,60600,0.9920792079207921,60120,9004401V.wav
test,230,Spinner_Dolphin,Stenella,Delphinidae,26,80000,1.0324125,82593,7100401F.wav
test,231,"Grampus,_Rissos_Dolphin",Grampus,Delphinidae,10,81920,0.7078125,57984,5903002Q.wav
test,232,Frasers_Dolphin,Lagenodelphis,Delphinidae,9,81920,0.94541015625,77448,9101001W.wav
test,233,Walrus,Odobenus,Odobenidae,28,10240,1.125,11520,72014005.wav
test,234,False_Killer_Whale,Pseudorca,Delphinidae,7,81920,1.09373779296875,89599,6102300J.wav
test,235,"Grampus,_Rissos_Dolphin",Grampus,Delphinidae,10,30000,5.548266666666667,166448,59029001.wav
test,236,Sperm_Whale,Physeter,Physeteridae,25,60600,1.2089108910891089,73260,9400400C.wav
test,237,Spinner_Dolphin,Stenella,Delphinidae,26,81920,1.89061279296875,154879,7100300G.wav
test,238,Pantropical_Spotted_Dolphin,Stenella,Delphinidae,20,80000,0.4978,39824,9400801I.wav
test,239,"Fin,_Finback_Whale",Balaenoptera,Balaenopteridae,8,600,32.52166666666667,19513,61048005.wav
test,240,False_Killer_Whale,Pseudorca,Delphinidae,7,81920,0.63984375,52416,6102300V.wav
test,241,Ross_Seal,Ommatophoca,Phocidae,21,20000,4.6257,92514,66084001.wav
test,242,Pantropical_Spotted_Dolphin,Stenella,Delphinidae,20,80000,0.8808875,70471,9400807U.wav
test,243,Atlantic_Spotted_Dolphin,Stenella,Delphinidae,0,60600,1.2324752475247525,74688,6102500D.wav
test,244,Striped_Dolphin,Stenella,Delphinidae,27,60600,3.5313531353135312,214000,5801100O.wav
test,245,Spinner_Dolphin,Stenella,Delphinidae,26,81920,0.94530029296875,77439,71003009.wav
test,246,Melon_Headed_Whale,Peponocephala,Delphinidae,16,81920,1.89061279296875,154879,9101200C.wav
test,247,Bowhead_Whale,Balaena,Balaenidae,4,10000,3.8816,38816,8800600O.wav
test,248,Bowhead_Whale,Balaena,Balaenidae,4,10000,4.3098,43098,8800601B.wav
test,249,Melon_Headed_Whale,Peponocephala,Delphinidae,16,81920,0.39107666015625,32037,9101202G.wav
test,250,Long-Finned_Pilot_Whale,Globicephala,Delphinidae,15,81920,0.609375,49920,7703400R.wav
test,251,Sperm_Whale,Physeter,Physeteridae,25,81920,1.6734375,137088,85005002.wav
test,252,Northern_Right_Whale,Eubalaena,Balaenidae,19,10200,2.901764705882353,29598,56025009.wav
test,253,Ross_Seal,Ommatophoca,Phocidae,21,30000,4.904866666666667,147146,66034001.wav
test,254,Short-Finned_Pacific_Pilot_Whale,Globicephala,Delphinidae,23,30000,1.0418666666666667,31256,5702100I.wav
test,255,Striped_Dolphin,Stenella,Delphinidae,27,60600,1.0122772277227723,61344,58011008.wav
test,256,Clymene_Dolphin,Stenella,Delphinidae,5,42100,1.2942755344418053,54489,8300604R.wav
test,257,Melon_Headed_Whale,Peponocephala,Delphinidae,16,81920,0.89986572265625,73717,9101203D.wav
test,258,Northern_Right_Whale,Eubalaena,Balaenidae,19,14900,2.61255033557047,38927,81015002.wav
test,259,Clymene_Dolphin,Stenella,Delphinidae,5,166600,1.7128091236494598,285354,8300604D.wav
test,260,Striped_Dolphin,Stenella,Delphinidae,27,81600,1.2876470588235294,105072,75003014.wav
test,261,Spinner_Dolphin,Stenella,Delphinidae,26,80000,0.8244,65952,7100101V.wav
test,262,Leopard_Seal,Hydrurga,Phocidae,14,5000,6.794,33970,6608400T.wav
test,263,Killer_Whale,Orcinus,Delphinidae,13,21900,1.6976712328767123,37179,97501009.wav
test,264,Ross_Seal,Ommatophoca,Phocidae,21,16000,1.7759375,28415,66002A05.wav
test,265,Killer_Whale,Orcinus,Delphinidae,13,21900,3.0590867579908676,66994,9761900T.wav
test,266,Rough-Toothed_Dolphin,Steno,Delphinidae,22,81920,0.80936279296875,66303,85013019.wav
test,267,Melon_Headed_Whale,Peponocephala,Delphinidae,16,81920,0.08214111328125,6729,91012041.wav
test,268,White-beaked_Dolphin,Lagenorhynchus,Delphinidae,30,60600,2.6910891089108913,163080,7200500L.wav
test,269,Spinner_Dolphin,Stenella,Delphinidae,26,80000,0.6030875,48247,8103800Y.wav
test,270,"Fin,_Finback_Whale",Balaenoptera,Balaenopteridae,8,600,38.71,23226,6107900C.wav
test,271,Spinner_Dolphin,Stenella,Delphinidae,26,80000,1.430525,114442,7101001E.wav
test,272,"Beluga,_White_Whale",Delphinapterus,Monodontidae,2,80000,1.549075,123926,6202200F.wav
test,273,Walrus,Odobenus,Odobenidae,28,20000,3.85125,77025,72002003.wav
test,274,Spinner_Dolphin,Stenella,Delphinidae,26,60600,57.361633663366334,3476115,7100103G.wav
test,275,Clymene_Dolphin,Stenella,Delphinidae,5,166600,1.3518787515006003,225223,8303503P.wav
test,276,Killer_Whale,Orcinus,Delphinidae,13,21900,3.4775342465753423,76158,92300013.wav
test,277,Frasers_Dolphin,Lagenodelphis,Delphinidae,9,81920,3.78123779296875,309759,9101001D.wav
test,278,Long-Finned_Pilot_Whale,Globicephala,Delphinidae,15,81920,1.29609375,106176,7702801F.wav
test,279,Frasers_Dolphin,Lagenodelphis,Delphinidae,9,81920,3.78123779296875,309759,9101300J.wav
test,280,Frasers_Dolphin,Lagenodelphis,Delphinidae,9,81920,1.41796875,116160,91010004.wav
test,281,Striped_Dolphin,Stenella,Delphinidae,27,81600,1.9802205882352941,161586,8500701E.wav
test,282,Bottlenose_Dolphin,Tursiops,Delphinidae,3,81920,1.303125,106752,89514011.wav
test,283,"Beluga,_White_Whale",Delphinapterus,Monodontidae,2,40000,3.3699,134796,65030009.wav
test,284,Northern_Right_Whale,Eubalaena,Balaenidae,19,10000,2.1824,21824,59003001.wav
test,285,False_Killer_Whale,Pseudorca,Delphinidae,7,81920,0.54140625,44352,6102301A.wav
test,286,Bowhead_Whale,Balaena,Balaenidae,4,10000,2.5595,25595,8800601L.wav
test,287,"Fin,_Finback_Whale",Balaenoptera,Balaenopteridae,8,600,31.403333333333332,18842,6106400D.wav
test,288,Killer_Whale,Orcinus,Delphinidae,13,21900,2.094611872146119,45872,92304008.wav
test,289,White-sided_Dolphin,Lagenorhynchus,Delphinidae,31,80000,2.0598875,164791,6107200E.wav
test,290,Humpback_Whale,Megaptera,Balaenopteridae,12,14900,9.689597315436242,144375,55113002.wav
test,291,Bowhead_Whale,Balaena,Balaenidae,4,10000,3.6912,36912,88006013.wav
test,292,Spinner_Dolphin,Stenella,Delphinidae,26,80000,1.46205,116964,71004009.wav
test,293,Clymene_Dolphin,Stenella,Delphinidae,5,81920,1.41796875,116160,8300600B.wav
test,294,Long-Finned_Pilot_Whale,Globicephala,Delphinidae,15,81920,1.20234375,98496,7703400B.wav
test,295,False_Killer_Whale,Pseudorca,Delphinidae,7,81920,1.05936279296875,86783,61023018.wav
test,296,Short-Finned_Pacific_Pilot_Whale,Globicephala,Delphinidae,23,40960,1.4203125,58176,8103700L.wav
test,297,Southern_Right_Whale,Eubalaena,Balaenidae,24,5120,2.3109375,11832,8300200C.wav
test,298,Sperm_Whale,Physeter,Physeteridae,25,160000,89.18943125,14270309,90039006.wav
test,299,Long-Finned_Pilot_Whale,Globicephala,Delphinidae,15,80000,2.9206625,233653,75005039.wav
test,300,Long-Finned_Pilot_Whale,Globicephala,Delphinidae,15,81920,0.83203125,68160,7703400D.wav
test,301,Atlantic_Spotted_Dolphin,Stenella,Delphinidae,0,80000,1.3113,104904,6102603I.wav
test,302,Pantropical_Spotted_Dolphin,Stenella,Delphinidae,20,80000,0.6938,55504,94008011.wav
test,303,Spinner_Dolphin,Stenella,Delphinidae,26,81920,1.89061279296875,154879,7100300I.wav
test,304,Striped_Dolphin,Stenella,Delphinidae,27,81600,0.8974509803921569,73232,75003019.wav
test,305,Frasers_Dolphin,Lagenodelphis,Delphinidae,9,81920,1.89061279296875,154879,91013008.wav
test,306,Long-Finned_Pilot_Whale,Globicephala,Delphinidae,15,81920,1.10936279296875,90879,77034009.wav
test,307,Bowhead_Whale,Balaena,Balaenidae,4,10000,4.5024,45024,8800600A.wav
test,308,Clymene_Dolphin,Stenella,Delphinidae,5,60600,24.106072607260725,1460828,8300604T.wav
test,309,Northern_Right_Whale,Eubalaena,Balaenidae,19,20480,1.17890625,24144,70014002.wav
test,310,Striped_Dolphin,Stenella,Delphinidae,27,60600,0.8951155115511551,54244,5801100G.wav
test,311,"Beluga,_White_Whale",Delphinapterus,Monodontidae,2,10240,2.8359375,29040,6503300K.wav
test,312,"Beluga,_White_Whale",Delphinapterus,Monodontidae,2,40000,1.8635,74540,62018001.wav
test,313,Narwhal,Monodon,Monodontidae,18,81920,1.41796875,116160,6800200F.wav
test,314,Bearded_Seal,Erignathus,Phocidae,1,10240,2.8359375,29040,7202100V.wav
test,315,Sperm_Whale,Physeter,Physeteridae,25,40960,2.6859375,110016,72009006.wav
test,316,Melon_Headed_Whale,Peponocephala,Delphinidae,16,81920,0.94530029296875,77439,9101200U.wav
test,317,Harp_Seal,Pagophilus,Phocidae,11,10240,0.708984375,7260,67010005.wav
test,318,Southern_Right_Whale,Eubalaena,Balaenidae,24,5120,1.9078125,9768,7900200R.wav
test,319,Northern_Right_Whale,Eubalaena,Balaenidae,19,10200,1.6329411764705883,16656,56017008.wav
test,320,Sperm_Whale,Physeter,Physeteridae,25,81920,2.559375,209664,85004005.wav
test,321,Clymene_Dolphin,Stenella,Delphinidae,5,41600,1.3239663461538462,55077,8300604P.wav
test,322,Narwhal,Monodon,Monodontidae,18,81920,1.41796875,116160,7501400T.wav
test,323,Short-Finned_Pacific_Pilot_Whale,Globicephala,Delphinidae,23,30000,0.6981666666666667,20945,5702100D.wav
test,324,False_Killer_Whale,Pseudorca,Delphinidae,7,81920,0.7359375,60288,6102300R.wav
test,325,Leopard_Seal,Hydrurga,Phocidae,14,5000,2.6058,13029,6608400J.wav
test,326,"Fin,_Finback_Whale",Balaenoptera,Balaenopteridae,8,600,72.31,43386,61039001.wav
test,327,Spinner_Dolphin,Stenella,Delphinidae,26,80000,0.931725,74538,71001030.wav
test,328,Long-Finned_Pilot_Whale,Globicephala,Delphinidae,15,30000,3.5002,105006,54024004.wav
test,329,"Grampus,_Rissos_Dolphin",Grampus,Delphinidae,10,81920,1.21248779296875,99327,59029017.wav
test,330,Short-Finned_Pacific_Pilot_Whale,Globicephala,Delphinidae,23,40960,1.4203125,58176,8103700F.wav
test,331,Long-Finned_Pilot_Whale,Globicephala,Delphinidae,15,81920,0.7546875,61824,7703400O.wav
test,332,Long-Finned_Pilot_Whale,Globicephala,Delphinidae,15,81920,1.3640625,111744,77028015.wav
test,333,"Grampus,_Rissos_Dolphin",Grampus,Delphinidae,10,81920,1.63748779296875,134143,5903000W.wav
test,334,Northern_Right_Whale,Eubalaena,Balaenidae,19,14900,3.8871140939597315,57918,81014029.wav
test,335,Pantropical_Spotted_Dolphin,Stenella,Delphinidae,20,55500,2.5027747747747746,138904,64005018.wav
test,336,Striped_Dolphin,Stenella,Delphinidae,27,81600,1.5442647058823529,126012,8500701L.wav
test,337,Minke_Whale,Balaenoptera,Balaenopteridae,17,1280,0.9703125,1242,64103008.wav
test,338,False_Killer_Whale,Pseudorca,Delphinidae,7,81920,0.309375,25344,6102101C.wav
test,339,Atlantic_Spotted_Dolphin,Stenella,Delphinidae,0,43900,1.763986332574032,77439,61025007.wav
